90s,GA,PKA,FK,CK,OG,PSxG,PSxG/SoT,PSxG+/-,/90,LGCmp,LGAtt,LGCmp%,PAtt,Thr,PLaunch%,PAvgLen,GAtt,GLaunch%,GAvgLen,Opp,Stp,Stp%,#OPA,#OPA/90,AvgDist,MP,Starts,Gls,Ast,G-PK,PK,PKatt,CrdY,CrdR,G+A,G+A-PK,xG,npxG,xA,npxG+xA,xG+xA,Sh,SoT,SoT%,Sh/90,SoT/90,G/Sh,G/SoT,Dist,npxG/Sh,G-xG,np:G-xG,SCAâ–¼,SCA90,SCAPassLive,SCAPassDead,SCADrib,SCASh,SCAFld,SCADef,GCA,GCA90,GCAPassLive,GCAPassDead,GCADrib,GCASh,GCAFld,GCADef,GA90,SoTA,Saves,Save%,W,D,L,CS,CS%,GPKatt,PKsv,PKm,TKTkl,TklW,TK Def 3rd,TK Mid 3rd,TK Att 3rd,VSTkl,DAtt,Tkl%,Past,Blocks,DSh,Pass,Int,Tkl+Int,Clr,Err,Mn/MP,Min%,Mn/Start,Compl,Subs,Mn/Sub,unSub,PPM,onG,onGA,+/-,+/-90,onxG,onxGA,xG+/-,xG+/-90,Poss,Touches,Def Pen,Def 3rd,Mid 3rd,Att 3rd,Att Pen,Live,Succ,Att,Succ%,Mis,Dis,Rec,PPProg,TCmp,TAtt,TCmp%,PTotDist,PPrgDist,SCmp,SAtt,SCmp%,MCmp,MAtt,MCmp%,LCmp,LAtt,LCmp%,A-xA,KP,1/3,PPA,CrsPA,PProg
38.0,1.71,0.16,0.0,0.26,0.0,1.54,0.3,-0.17,-0.17,9.71,20.6,47.1,21.3,2.53,64.6,44.8,9.24,74.4,50.9,16.3,0.68,4.2,1.26,1.26,15.7,38,418,0.76,0.53,0.61,0.16,0.18,2.45,0.11,1.29,1.13,1.08,0.94,0.73,1.67,1.81,9.82,2.92,29.8,9.82,2.92,0.06,0.21,18.2,0.1,-0.32,-0.33,16.5,16.53,10.3,2.32,1.0,1.21,1.39,0.29,1.26,1.26,0.71,0.16,0.11,0.13,0.16,0.0,1.71,4.42,2.63,64.9,0.21,0.18,0.61,0.16,15.8,0.24,0.08,0.0,14.5,8.53,7.13,5.82,1.53,6.89,16.8,41.1,9.87,9.82,2.79,7.03,9.89,24.4,23.4,0.18,90,100,82,6.5,4.39,20,7.29,0.82,0.82,1.71,-0.89,-0.89,1.08,1.7,-0.62,-0.62,42.0,480.0,58.6,163.2,212.1,110.0,15.8,479.8,7.13,13.3,53.8,16.2,7.32,250.1,18.0,254.6,373.0,68.3,5027.5,2256.3,109.4,136.2,80.4,99.3,130.4,76.2,40.1,83.1,48.3,-0.21,6.84,22.0,5.24,2.21,18.7
38.0,0.95,0.08,0.0,0.05,0.03,0.97,0.26,0.05,0.05,4.16,10.6,39.3,19.7,5.29,35.4,33.7,7.08,50.9,41.7,15.2,0.79,5.2,1.08,1.08,15.4,38,418,1.05,0.89,0.97,0.08,0.18,2.37,0.11,1.95,1.87,1.43,1.28,1.09,2.37,2.52,12.1,3.95,32.6,12.11,3.95,0.08,0.25,16.8,0.11,-0.38,-0.31,21.6,21.58,15.3,2.47,1.21,1.11,1.24,0.26,1.89,1.89,1.37,0.24,0.03,0.05,0.13,0.08,0.95,3.45,2.53,74.8,0.37,0.34,0.29,0.34,34.2,0.08,0.0,0.0,13.4,7.68,5.71,5.68,1.97,5.89,15.3,38.5,9.42,10.8,3.37,7.45,8.92,22.3,20.7,0.21,90,100,81,6.24,4.74,21,5.5,1.45,1.13,0.95,0.18,0.18,1.43,1.14,0.29,0.29,48.1,556.9,54.4,163.6,249.7,149.3,21.1,556.8,7.82,13.9,56.0,15.0,8.97,336.1,29.4,340.7,454.8,74.9,6031.5,2407.3,153.8,179.6,85.6,136.8,169.3,80.8,37.8,74.5,50.8,-0.19,9.24,27.8,8.05,2.16,30.0
38.0,1.13,0.18,0.05,0.11,0.08,0.85,0.23,-0.2,-0.2,4.47,15.7,28.4,21.3,4.08,49.9,39.0,7.45,68.6,48.6,12.6,0.71,5.7,0.76,0.76,13.8,38,418,1.66,1.18,1.55,0.11,0.13,2.92,0.18,2.84,2.74,1.54,1.46,1.13,2.58,2.67,12.1,4.0,33.2,12.05,4.0,0.13,0.39,17.5,0.12,0.12,0.1,21.8,21.79,15.6,2.26,1.47,1.08,1.05,0.32,2.92,2.92,2.26,0.16,0.13,0.21,0.08,0.08,1.13,2.79,1.71,66.0,0.55,0.21,0.24,0.32,31.6,0.21,0.03,0.0,16.7,9.11,7.63,7.34,1.76,7.71,16.3,47.3,8.58,9.79,2.58,7.21,9.61,26.3,17.1,0.37,90,100,79,6.42,4.47,26,4.18,1.87,1.71,1.13,0.58,0.58,1.54,1.02,0.52,0.52,50.6,602.3,52.8,178.2,281.1,148.0,22.4,602.2,10.1,15.8,63.8,14.6,9.29,391.6,27.1,396.7,502.6,78.9,6661.6,2334.8,194.2,218.1,89.0,138.7,164.9,84.1,43.2,80.5,53.6,0.06,9.13,26.0,8.55,1.74,27.6
38.0,1.0,0.05,0.03,0.18,0.0,0.9,0.26,-0.1,-0.1,3.87,7.61,50.9,31.0,4.34,18.6,27.3,6.03,30.6,33.4,10.1,0.39,3.9,1.0,1.0,15.5,38,418,1.79,1.37,1.63,0.16,0.18,2.55,0.13,3.16,3.0,1.78,1.64,1.33,2.96,3.11,13.4,4.66,34.6,13.45,4.66,0.12,0.35,17.1,0.12,0.01,-0.01,24.7,24.74,19.1,1.63,1.79,0.89,1.08,0.24,3.24,3.24,2.5,0.13,0.18,0.21,0.16,0.05,1.0,3.24,2.21,70.7,0.55,0.26,0.18,0.29,28.9,0.08,0.03,0.0,15.4,8.71,6.21,7.11,2.13,6.42,13.0,49.5,6.55,9.11,2.24,6.87,8.55,24.0,12.3,0.45,90,100,82,6.68,4.18,20,6.95,1.92,1.79,1.0,0.79,0.79,1.78,1.05,0.73,0.73,64.2,752.6,58.7,185.8,375.5,196.8,27.3,752.4,12.5,19.7,63.5,16.4,9.42,558.8,36.4,565.5,658.1,85.9,9454.7,3024.3,268.6,292.3,91.9,221.9,247.4,89.7,51.3,76.6,66.9,0.04,10.6,44.7,10.3,2.61,37.3
38.0,1.05,0.08,0.0,0.08,0.05,1.03,0.27,0.03,0.03,5.29,14.4,36.7,25.3,4.13,41.4,36.0,7.24,54.2,43.9,15.6,0.63,4.1,1.08,1.08,14.1,38,418,1.58,1.18,1.42,0.16,0.16,2.29,0.16,2.76,2.61,1.55,1.43,1.11,2.54,2.66,13.4,4.79,35.8,13.39,4.79,0.11,0.3,18.4,0.11,0.03,-0.01,23.7,23.68,17.6,1.97,1.45,1.21,1.08,0.37,2.47,2.47,1.71,0.13,0.26,0.13,0.21,0.03,1.05,3.47,2.47,72.0,0.5,0.21,0.26,0.34,34.2,0.08,0.0,0.0,17.4,10.3,8.47,6.87,2.08,8.53,18.3,46.6,9.76,10.2,2.95,7.21,9.5,26.9,20.4,0.29,90,100,82,6.61,4.24,21,7.0,1.71,1.63,1.05,0.58,0.58,1.55,1.28,0.27,0.27,53.7,619.3,60.7,192.5,286.8,145.3,21.6,619.1,9.79,17.2,56.8,15.5,9.58,407.3,28.0,413.2,511.7,80.8,7198.3,2616.3,193.7,218.0,88.8,166.3,192.3,86.4,41.7,75.6,55.1,0.07,10.4,29.9,7.74,1.34,28.9
38.0,1.34,0.29,0.0,0.26,0.0,1.39,0.24,0.05,0.05,7.16,20.8,34.3,22.1,3.13,63.3,46.0,8.24,83.1,60.2,15.4,1.11,7.2,0.74,0.74,12.1,38,418,0.92,0.55,0.84,0.08,0.16,2.76,0.08,1.47,1.39,1.19,1.06,0.75,1.81,1.94,10.7,3.11,29.1,10.66,3.11,0.08,0.27,17.9,0.1,-0.27,-0.22,18.1,18.08,12.1,2.26,1.0,1.24,1.08,0.42,1.45,1.45,0.84,0.18,0.08,0.13,0.16,0.05,1.34,4.47,3.08,76.5,0.21,0.39,0.39,0.34,34.2,0.34,0.05,0.0,17.0,10.0,9.11,6.26,1.66,7.92,18.7,42.3,10.8,10.3,2.79,7.47,10.9,27.9,20.2,0.13,90,100,81,6.47,4.53,22,7.11,1.03,0.92,1.34,-0.42,-0.42,1.19,1.45,-0.26,-0.26,41.3,486.3,58.3,171.5,206.7,113.7,16.7,486.2,7.39,13.7,54.1,15.2,7.66,262.2,18.8,266.7,379.3,70.3,5147.0,2049.0,111.9,132.4,84.6,104.7,133.0,78.7,40.8,86.6,47.1,-0.2,7.29,21.8,6.13,3.16,19.3
38.0,1.13,0.11,0.0,0.03,0.05,1.14,0.27,0.06,0.06,7.97,21.2,37.7,30.9,3.45,51.3,40.3,7.45,71.0,52.4,11.9,0.95,8.0,0.97,0.97,14.3,38,418,1.13,0.76,1.05,0.08,0.16,2.29,0.08,1.89,1.82,1.23,1.1,0.84,1.94,2.07,10.7,3.55,33.3,10.66,3.55,0.1,0.3,18.3,0.11,-0.1,-0.05,18.5,18.47,14.2,1.13,0.66,1.32,0.89,0.24,1.84,1.84,1.37,0.05,0.08,0.29,0.03,0.03,1.13,3.58,2.39,71.3,0.32,0.26,0.42,0.37,36.8,0.21,0.11,0.0,18.3,10.8,8.53,7.34,2.45,7.53,20.1,37.5,12.5,11.1,2.39,8.74,9.89,28.2,16.7,0.29,90,100,82,6.87,4.08,21,5.84,1.21,1.13,1.13,0.0,0.0,1.23,1.31,-0.07,-0.07,55.2,648.4,59.8,196.5,308.6,148.8,18.7,648.3,9.11,15.6,58.5,15.1,8.16,415.6,26.2,421.2,541.9,77.7,7546.6,2520.9,182.5,210.1,86.9,173.1,205.1,84.4,48.3,88.6,54.6,-0.08,7.53,29.1,7.5,2.21,26.7
38.0,1.37,0.18,0.0,0.16,0.0,1.43,0.27,0.07,0.07,6.76,16.5,41.1,25.4,4.82,42.1,36.2,9.11,63.3,45.9,16.2,0.66,4.1,1.47,1.47,15.9,38,418,1.03,0.76,1.0,0.03,0.03,2.74,0.16,1.79,1.76,0.96,0.93,0.76,1.69,1.71,8.79,2.79,31.7,8.79,2.79,0.11,0.36,18.0,0.11,0.07,0.07,15.6,15.58,11.3,1.58,1.05,0.61,0.74,0.34,1.79,1.79,1.32,0.11,0.18,0.08,0.05,0.05,1.37,4.58,3.18,74.1,0.29,0.24,0.47,0.21,21.1,0.24,0.03,0.03,15.5,8.55,8.82,5.03,1.66,7.05,16.4,43.1,9.32,9.66,3.32,6.34,8.03,23.5,20.2,0.37,90,100,80,6.21,4.71,22,6.71,1.11,1.05,1.37,-0.32,-0.32,0.96,1.71,-0.75,-0.75,48.4,545.1,65.5,200.9,237.6,111.6,13.0,545.1,8.92,15.7,56.8,17.1,8.68,336.3,19.6,340.7,443.1,76.9,6241.8,2449.8,151.2,172.9,87.4,133.7,158.4,84.4,44.1,82.3,53.6,0.0,6.87,22.7,5.37,2.05,20.0
38.0,1.39,0.11,0.0,0.11,0.05,1.41,0.3,0.07,0.07,4.5,12.3,36.7,24.3,5.82,34.1,33.9,8.16,48.7,39.5,17.4,1.0,5.7,1.26,1.26,14.1,38,418,1.03,0.66,0.89,0.13,0.13,2.61,0.18,1.68,1.55,1.06,0.96,0.75,1.71,1.81,10.6,3.37,31.8,10.61,3.37,0.08,0.27,19.5,0.09,-0.04,-0.07,19.0,18.97,13.7,1.55,1.24,1.05,1.11,0.34,1.76,1.76,1.18,0.13,0.11,0.21,0.08,0.05,1.39,4.45,3.11,71.0,0.24,0.29,0.42,0.26,26.3,0.13,0.0,0.03,14.7,8.89,8.11,5.16,1.39,7.24,17.0,42.6,9.76,9.47,3.0,6.47,8.58,23.2,23.5,0.53,90,100,81,6.16,4.76,21,7.08,1.11,1.05,1.39,-0.34,-0.34,1.06,1.5,-0.44,-0.44,46.9,548.9,68.6,198.0,240.3,116.1,15.2,548.8,9.82,16.2,60.6,14.8,8.71,346.2,21.1,351.6,445.2,79.0,6259.6,2331.8,158.7,178.0,89.2,141.9,165.3,85.8,38.8,74.1,52.4,-0.09,7.89,26.1,5.58,1.55,21.6
38.0,1.08,0.05,0.0,0.13,0.03,1.08,0.29,0.02,0.02,9.63,22.9,42.1,23.5,2.66,69.5,46.7,7.74,84.7,54.2,15.2,0.68,4.5,1.18,1.18,15.0,38,418,0.82,0.68,0.74,0.08,0.13,3.18,0.21,1.5,1.42,0.88,0.78,0.6,1.38,1.48,10.6,2.92,27.5,10.63,2.92,0.07,0.25,20.6,0.07,-0.06,-0.04,18.4,18.39,12.2,2.24,0.84,1.08,1.58,0.45,1.39,1.39,1.0,0.18,0.08,0.05,0.03,0.05,1.08,3.47,2.39,70.5,0.18,0.39,0.39,0.37,36.8,0.11,0.03,0.03,15.4,9.47,7.0,6.39,2.05,6.53,15.6,41.8,9.11,10.5,2.53,8.0,10.6,26.0,18.9,0.21,90,100,83,6.82,4.03,19,6.61,1.03,0.87,1.08,-0.21,-0.21,0.88,1.11,-0.23,-0.23,41.5,487.7,52.7,157.4,228.4,107.2,14.3,487.5,6.37,11.9,53.5,15.9,7.92,266.3,17.3,270.5,384.4,70.4,5179.3,2171.5,119.7,144.4,82.9,103.6,134.0,77.3,39.9,83.6,47.7,0.08,7.58,21.3,4.37,1.92,17.8
38.0,1.61,0.18,0.0,0.18,0.05,1.58,0.27,0.03,0.03,7.03,21.5,32.6,24.5,4.26,57.5,42.8,9.79,76.1,52.4,16.2,0.84,5.2,1.68,1.68,17.4,38,418,1.13,0.74,1.05,0.08,0.13,2.76,0.11,1.87,1.79,1.18,1.08,0.81,1.9,2.0,11.1,3.45,31.1,11.08,3.45,0.1,0.31,19.2,0.1,-0.05,-0.03,18.4,18.39,12.8,1.76,1.13,1.29,1.05,0.34,1.79,1.79,1.18,0.21,0.08,0.16,0.05,0.11,1.61,5.08,3.47,72.0,0.21,0.37,0.39,0.21,21.1,0.24,0.05,0.0,16.1,9.03,8.16,6.32,1.61,7.21,16.6,43.4,9.42,11.5,3.42,8.08,8.58,24.7,22.1,0.21,90,100,80,6.34,4.61,22,6.39,1.0,1.16,1.61,-0.45,-0.45,1.18,1.7,-0.51,-0.51,44.7,498.6,63.4,176.5,215.9,110.9,15.5,498.4,7.11,13.0,54.5,15.5,8.45,273.6,19.8,278.5,391.8,71.1,5244.4,2153.7,119.7,142.1,84.3,111.4,139.3,80.0,38.4,84.7,45.4,-0.08,8.05,22.1,5.39,2.16,20.3
38.0,2.0,0.13,0.03,0.34,0.0,1.73,0.3,-0.27,-0.27,4.08,12.1,33.7,21.9,3.97,41.8,36.4,7.87,37.8,35.2,14.0,0.5,3.6,1.24,1.24,16.6,38,418,1.34,0.89,1.13,0.21,0.34,2.87,0.16,2.24,2.03,1.61,1.37,0.96,2.33,2.57,11.3,3.84,34.0,11.32,3.84,0.1,0.29,17.7,0.12,-0.27,-0.24,18.9,18.92,12.8,2.11,1.26,1.71,0.71,0.34,2.11,2.11,1.47,0.08,0.13,0.24,0.16,0.03,2.0,5.34,3.32,65.0,0.21,0.26,0.5,0.18,18.4,0.16,0.03,0.0,14.7,8.03,7.05,5.58,2.05,6.24,16.1,38.8,9.84,8.58,2.89,5.68,9.92,24.6,19.3,0.32,90,100,81,6.24,4.74,21,6.87,0.92,1.34,2.0,-0.66,-0.66,1.61,1.6,0.01,0.01,47.2,535.7,62.6,194.3,231.3,117.0,18.5,535.3,9.16,18.0,51.0,16.2,7.95,326.2,24.8,331.2,432.2,76.6,5967.3,2340.5,151.1,172.2,87.7,131.1,156.0,84.0,39.5,76.8,51.5,-0.07,8.37,25.5,6.68,1.66,25.5
38.0,1.66,0.16,0.03,0.13,0.11,1.42,0.3,-0.14,-0.14,6.42,15.7,41.0,20.9,3.42,51.8,39.6,8.0,60.2,44.5,15.2,0.45,3.0,0.53,0.53,12.6,38,418,0.87,0.61,0.71,0.16,0.18,3.0,0.18,1.47,1.32,1.16,1.02,0.78,1.8,1.94,11.6,3.45,29.8,11.58,3.45,0.06,0.21,19.5,0.09,-0.29,-0.31,20.0,20.0,13.0,2.39,1.18,1.45,1.45,0.5,1.55,1.55,0.84,0.16,0.11,0.18,0.21,0.05,1.66,4.0,2.39,62.5,0.26,0.24,0.5,0.24,23.7,0.21,0.05,0.0,16.0,8.74,7.92,6.18,1.87,6.53,14.5,45.0,7.97,9.84,3.13,6.71,9.05,25.0,21.7,0.24,90,100,82,6.24,4.68,20,7.18,1.03,0.95,1.66,-0.71,-0.71,1.16,1.43,-0.27,-0.27,45.3,504.9,58.7,173.4,218.5,119.6,16.9,504.7,9.68,16.1,60.1,16.1,10.6,285.3,20.9,290.7,395.3,73.5,5129.9,2158.1,135.5,159.3,85.1,107.9,135.6,79.6,34.5,70.8,48.8,-0.18,7.97,21.2,6.18,1.68,21.6
38.0,1.34,0.11,0.0,0.29,0.05,1.29,0.29,0.0,0.0,10.4,23.1,45.2,23.3,2.21,68.6,46.4,8.29,85.7,58.5,14.4,0.63,4.4,1.87,1.87,18.4,38,418,0.97,0.61,0.82,0.16,0.21,2.21,0.05,1.58,1.42,1.06,0.92,0.67,1.59,1.73,11.2,3.0,26.8,11.18,3.0,0.07,0.27,19.6,0.08,-0.09,-0.1,18.9,18.95,13.2,2.24,0.74,1.29,1.13,0.34,1.63,1.63,1.11,0.18,0.0,0.18,0.11,0.05,1.34,3.97,2.61,68.9,0.32,0.29,0.39,0.32,31.6,0.18,0.08,0.0,15.2,8.71,7.11,6.21,1.87,6.61,15.7,42.0,9.13,8.95,3.03,5.92,9.68,24.9,19.9,0.13,90,100,83,6.37,4.61,17,7.08,1.24,0.97,1.34,-0.37,-0.37,1.06,1.28,-0.22,-0.22,46.9,537.8,53.1,159.3,242.9,140.4,18.1,537.6,6.87,12.3,55.9,15.7,8.13,308.3,24.4,313.3,434.8,72.0,6001.4,2533.6,133.6,161.7,82.6,125.2,159.6,78.4,44.8,86.3,51.9,-0.07,7.82,28.9,7.84,3.26,24.9
38.0,1.32,0.18,0.0,0.11,0.03,1.31,0.25,0.02,0.02,5.89,17.1,34.6,23.4,5.08,50.6,40.6,7.45,70.0,52.2,13.0,1.16,8.9,1.08,1.08,13.4,38,418,1.0,0.74,0.89,0.11,0.11,2.66,0.08,1.74,1.63,1.32,1.24,0.96,2.2,2.29,13.2,3.5,26.6,13.16,3.5,0.07,0.26,18.5,0.1,-0.32,-0.34,22.7,22.68,15.9,2.58,0.97,1.42,1.37,0.47,1.66,1.66,0.95,0.13,0.18,0.21,0.13,0.05,1.32,4.29,2.95,73.6,0.29,0.24,0.45,0.24,23.7,0.24,0.05,0.0,16.3,9.45,8.42,6.24,1.68,7.37,18.1,40.7,10.7,10.8,2.5,8.29,9.61,25.9,18.1,0.24,90,100,81,6.26,4.68,20,5.89,1.11,1.03,1.32,-0.29,-0.29,1.32,1.37,-0.04,-0.05,49.9,556.6,57.0,173.2,254.0,136.2,19.2,556.5,9.39,16.8,55.9,18.3,9.76,330.4,24.5,335.4,445.6,75.3,6256.9,2449.0,145.4,168.6,86.2,134.7,162.8,82.7,45.2,86.2,52.5,-0.23,9.45,26.6,7.03,2.87,25.2
38.0,0.82,0.08,0.03,0.05,0.0,0.97,0.25,0.16,0.16,2.08,6.87,30.3,26.1,5.29,19.5,28.5,5.84,30.2,34.2,13.3,0.63,4.7,0.82,0.82,15.1,38,418,2.11,1.55,1.89,0.21,0.32,2.0,0.0,3.66,3.45,2.08,1.86,1.51,3.36,3.58,17.0,6.39,37.7,16.97,6.39,0.11,0.3,18.8,0.11,0.03,0.04,31.4,31.45,24.3,1.79,2.16,1.47,1.29,0.45,3.66,3.66,2.68,0.05,0.34,0.29,0.21,0.08,0.82,3.39,2.55,78.3,0.68,0.21,0.11,0.42,42.1,0.13,0.05,0.0,14.7,9.08,7.39,5.13,2.21,5.55,13.2,42.0,7.66,9.97,3.0,6.97,8.79,23.5,13.8,0.45,90,100,83,6.74,4.29,19,6.53,2.26,2.11,0.82,1.29,1.29,2.08,1.27,0.81,0.81,59.9,742.9,63.1,214.2,316.0,219.2,31.3,742.6,12.0,20.5,58.5,13.0,7.29,556.3,35.0,562.4,645.2,87.2,9356.8,2964.6,279.7,299.9,93.3,209.2,230.3,90.8,52.3,76.4,68.5,0.04,13.8,44.6,12.0,1.5,36.0
38.0,0.97,0.13,0.03,0.21,0.0,0.93,0.24,-0.04,-0.04,5.55,13.7,40.5,29.0,3.66,33.8,33.4,6.84,56.9,45.2,13.7,0.55,4.0,1.34,1.34,16.1,38,418,1.05,0.58,0.82,0.24,0.26,2.03,0.11,1.63,1.39,1.52,1.32,1.0,2.32,2.52,11.3,3.76,33.3,11.32,3.76,0.07,0.22,17.1,0.12,-0.47,-0.5,20.3,20.29,13.9,1.84,1.47,1.5,1.21,0.37,1.82,1.82,1.0,0.08,0.16,0.32,0.26,0.0,0.97,3.34,2.34,74.8,0.45,0.29,0.26,0.53,52.6,0.16,0.03,0.0,15.4,8.92,7.13,6.16,2.13,6.84,14.4,47.6,7.53,10.1,2.76,7.29,9.16,24.6,18.5,0.16,90,100,81,6.18,4.71,19,6.24,1.63,1.05,0.97,0.08,0.08,1.52,1.16,0.36,0.36,54.3,612.2,67.7,197.0,279.1,142.5,22.2,612.0,9.47,17.6,53.7,16.5,10.3,397.5,28.0,405.3,508.0,79.8,7086.0,2584.0,183.3,207.6,88.3,168.0,195.5,85.9,41.3,73.7,56.0,-0.42,8.24,28.1,8.29,1.82,28.7
38.0,0.79,0.05,0.05,0.16,0.0,0.82,0.24,0.03,0.03,4.76,11.7,40.6,27.7,3.82,29.0,32.5,7.29,50.9,40.6,13.2,0.84,6.4,0.95,0.95,14.0,38,418,1.34,1.05,1.29,0.05,0.08,2.55,0.11,2.39,2.34,1.27,1.21,0.99,2.21,2.27,11.3,3.66,32.3,11.32,3.66,0.11,0.35,17.0,0.11,0.07,0.08,20.6,20.55,15.2,2.05,0.92,0.92,1.13,0.37,2.5,2.5,1.66,0.24,0.21,0.18,0.13,0.08,0.79,3.18,2.37,76.9,0.47,0.42,0.11,0.45,44.7,0.11,0.03,0.03,14.1,7.95,6.63,5.55,1.87,6.21,14.3,43.4,8.11,9.66,3.26,6.39,7.11,21.2,15.9,0.47,90,100,79,6.26,4.71,25,6.89,1.84,1.39,0.79,0.61,0.61,1.27,1.14,0.13,0.13,59.4,680.0,70.8,233.6,298.3,152.8,19.5,679.9,8.03,15.5,51.9,15.5,8.58,476.6,26.2,482.3,585.1,82.4,8991.8,2882.2,202.3,224.4,90.1,209.0,235.3,88.8,59.9,98.6,60.7,0.06,9.0,31.8,8.03,2.95,26.8
38.0,1.39,0.18,0.0,0.18,0.08,1.42,0.29,0.11,0.11,6.53,16.4,39.8,20.3,3.68,53.6,40.8,7.24,76.0,53.9,14.1,0.53,3.7,1.18,1.18,15.6,38,418,1.18,0.79,0.97,0.21,0.24,3.53,0.21,1.97,1.76,1.15,0.98,0.78,1.76,1.93,10.4,3.39,32.7,10.37,3.39,0.09,0.29,18.9,0.1,0.04,-0.01,18.8,18.82,12.6,2.42,1.18,0.68,1.68,0.26,2.18,2.18,1.39,0.21,0.18,0.08,0.29,0.03,1.39,4.29,2.95,71.8,0.29,0.37,0.32,0.32,31.6,0.21,0.03,0.0,15.6,9.58,7.61,5.71,2.24,7.0,16.4,42.7,9.39,9.82,2.45,7.37,8.92,24.5,19.6,0.21,90,100,81,6.18,4.71,20,6.47,1.26,1.26,1.39,-0.13,-0.13,1.15,1.29,-0.14,-0.14,43.6,468.1,52.5,152.2,197.0,125.4,16.4,467.9,9.47,16.9,56.1,17.3,7.74,248.7,21.3,253.3,362.6,69.9,4932.6,2045.4,103.2,125.8,82.0,100.9,130.3,77.5,39.6,81.5,48.6,0.01,7.58,23.7,6.74,1.97,21.9
38.0,0.97,0.11,0.0,0.08,0.03,0.98,0.26,0.03,0.03,3.84,10.1,37.9,32.7,5.24,22.8,29.5,7.11,37.4,36.3,15.3,0.66,4.3,1.74,1.74,16.6,38,418,1.63,1.34,1.5,0.13,0.16,2.13,0.03,2.97,2.84,1.78,1.68,1.43,3.11,3.2,11.8,4.32,36.5,11.82,4.32,0.13,0.35,15.3,0.15,-0.14,-0.18,21.0,21.03,15.6,1.92,1.5,1.0,0.76,0.29,2.97,2.97,1.92,0.32,0.29,0.26,0.16,0.03,0.97,3.37,2.39,74.2,0.42,0.29,0.29,0.37,36.8,0.13,0.03,0.0,14.2,8.21,6.58,5.18,2.39,6.03,12.5,48.1,6.5,8.68,2.87,5.82,8.66,22.8,16.9,0.42,90,100,81,6.18,4.82,21,6.16,1.55,1.66,0.97,0.68,0.68,1.78,1.34,0.44,0.44,56.8,634.5,64.2,203.1,282.7,154.7,25.4,634.3,11.9,19.7,60.4,15.0,8.74,429.8,31.7,438.9,536.9,81.8,7736.9,2715.9,194.4,218.2,89.1,187.8,213.4,88.0,43.9,72.2,60.8,-0.09,9.55,33.6,9.18,1.74,32.3
38.0,1.5,0.08,0.0,0.13,0.0,1.34,0.35,-0.16,-0.15,8.13,16.2,50.2,20.8,3.05,53.7,40.3,8.05,62.1,44.8,14.3,0.5,3.5,0.97,0.97,14.3,38,418,0.92,0.55,0.79,0.13,0.21,2.53,0.21,1.47,1.34,1.12,0.96,0.72,1.68,1.84,8.92,2.5,28.0,8.92,2.5,0.09,0.32,17.4,0.11,-0.2,-0.17,15.6,15.58,9.84,2.55,0.66,0.92,1.29,0.32,1.53,1.53,0.74,0.26,0.08,0.13,0.24,0.08,1.5,3.74,2.24,62.0,0.24,0.29,0.45,0.24,23.7,0.08,0.0,0.0,13.1,7.68,6.92,4.76,1.45,5.18,14.9,34.9,9.68,8.97,2.37,6.61,11.2,24.4,20.2,0.21,90,100,82,6.53,4.29,20,6.68,1.0,0.95,1.5,-0.55,-0.55,1.12,1.31,-0.19,-0.19,42.8,475.2,55.5,170.8,211.7,98.1,15.1,475.0,6.68,12.3,54.4,14.7,6.74,264.5,17.7,268.8,378.6,71.0,5178.3,2279.4,117.4,144.3,81.4,105.7,135.2,78.1,39.0,76.9,50.7,-0.17,6.74,20.8,4.97,2.16,18.2
38.0,1.11,0.13,0.03,0.16,0.03,0.98,0.29,-0.09,-0.09,5.42,13.0,41.8,21.5,5.53,36.5,35.0,7.11,72.2,52.2,14.6,0.63,4.3,0.95,0.95,15.4,38,418,1.13,0.82,1.03,0.11,0.13,2.16,0.08,1.95,1.84,1.13,1.03,0.82,1.86,1.96,10.5,3.37,32.1,10.5,3.37,0.1,0.3,17.4,0.1,-0.0,-0.01,19.0,18.97,14.2,1.74,0.97,0.63,1.13,0.34,1.92,1.92,1.37,0.13,0.08,0.13,0.18,0.03,1.11,2.92,1.82,66.7,0.29,0.34,0.37,0.24,23.7,0.16,0.03,0.0,12.2,7.08,5.11,5.26,1.79,4.42,13.6,32.6,9.16,8.97,1.95,7.03,9.05,21.2,18.0,0.24,90,100,81,6.32,4.66,22,6.37,1.21,1.21,1.11,0.11,0.11,1.13,0.99,0.14,0.14,49.9,559.8,50.6,154.3,268.7,142.3,17.8,559.7,8.0,13.2,60.7,13.1,8.82,352.8,26.7,357.3,469.5,76.1,6608.9,2406.7,154.6,181.6,85.1,144.3,173.9,83.0,47.2,82.1,57.4,-0.01,7.97,27.7,7.47,2.08,27.6
38.0,0.66,0.03,0.0,0.13,0.08,0.87,0.25,0.29,0.29,5.32,14.2,37.5,18.7,3.45,49.7,39.1,7.71,63.5,45.9,13.5,0.37,2.7,0.71,0.71,15.7,38,418,1.71,1.42,1.58,0.13,0.18,2.63,0.0,3.13,3.0,1.39,1.24,1.07,2.31,2.46,11.9,4.68,39.4,11.89,4.68,0.13,0.34,17.6,0.11,0.32,0.34,20.9,20.92,15.4,1.87,1.45,1.11,0.92,0.21,3.13,3.13,2.34,0.18,0.32,0.08,0.18,0.03,0.66,3.21,2.58,80.3,0.68,0.21,0.11,0.47,47.4,0.11,0.05,0.03,16.4,9.66,7.66,6.66,2.05,7.79,16.6,46.9,8.82,9.5,2.18,7.32,10.2,26.5,17.7,0.18,90,100,82,7.16,3.89,23,6.08,2.26,1.76,0.66,1.11,1.11,1.39,0.98,0.41,0.41,52.3,643.8,51.9,178.5,315.8,154.3,23.1,643.6,9.84,15.5,63.6,13.2,9.0,436.4,30.7,441.0,544.2,81.0,7276.5,2500.1,217.8,242.6,89.8,156.1,184.1,84.8,43.5,75.5,57.6,0.35,9.13,30.1,9.74,1.39,31.3
38.0,1.0,0.13,0.03,0.13,0.05,0.95,0.24,0.0,0.0,2.42,5.45,44.4,28.2,5.08,14.8,26.2,5.61,23.0,29.5,9.71,0.5,5.1,1.05,1.05,15.4,38,418,2.11,1.34,2.0,0.11,0.21,1.89,0.05,3.45,3.34,1.93,1.77,1.4,3.16,3.33,15.1,6.08,40.2,15.13,6.08,0.13,0.33,17.1,0.12,0.17,0.23,28.0,28.0,21.9,1.32,1.97,0.89,1.61,0.29,3.58,3.58,2.76,0.05,0.32,0.24,0.18,0.03,1.0,3.42,2.47,74.6,0.63,0.18,0.18,0.37,36.8,0.13,0.0,0.0,13.1,7.71,5.87,5.13,2.13,5.89,13.7,42.9,7.84,8.55,1.84,6.71,9.5,22.6,11.3,0.42,90,100,82,6.84,4.16,22,6.84,2.08,2.24,1.0,1.24,1.24,1.93,1.07,0.86,0.86,65.5,837.7,59.0,192.2,391.1,260.0,31.8,837.5,13.5,20.3,66.6,12.6,8.97,656.4,38.7,662.9,749.7,88.4,10108.2,3135.8,350.1,375.2,93.3,238.3,260.3,91.5,42.1,60.2,69.9,-0.06,11.9,49.3,13.6,1.37,39.5
38.0,1.32,0.21,0.03,0.11,0.08,1.23,0.28,-0.01,0.0,5.58,15.9,35.0,25.2,4.29,47.8,37.9,6.45,60.4,45.7,13.3,0.53,4.0,1.26,1.26,16.2,38,418,1.32,0.92,1.11,0.21,0.29,2.45,0.21,2.24,2.03,1.29,1.07,0.88,1.94,2.17,11.4,3.82,33.6,11.37,3.82,0.1,0.29,18.9,0.1,0.02,0.04,21.0,21.03,15.3,1.95,1.5,1.03,0.95,0.34,2.39,2.39,1.53,0.32,0.16,0.13,0.24,0.03,1.32,3.58,2.29,69.1,0.45,0.26,0.29,0.34,34.2,0.26,0.05,0.0,14.6,8.29,7.21,5.82,1.61,5.55,14.6,37.9,9.08,9.53,1.95,7.58,11.9,26.6,18.1,0.29,90,100,82,6.79,4.08,21,7.26,1.61,1.32,1.32,0.0,0.0,1.29,1.23,0.06,0.06,53.6,618.7,55.3,182.3,292.9,149.4,20.6,618.4,11.1,16.8,65.8,15.6,9.66,410.8,25.2,416.2,517.9,80.4,7194.7,2482.3,194.8,218.7,89.1,160.4,185.2,86.6,44.0,79.0,55.7,0.04,8.79,27.6,7.84,2.11,25.8
38.0,1.53,0.24,0.05,0.11,0.03,1.42,0.3,-0.08,-0.09,10.4,26.3,39.7,22.3,1.89,78.7,50.7,9.18,95.1,65.0,15.9,0.87,5.4,0.68,0.68,11.7,38,418,0.87,0.42,0.76,0.11,0.11,2.13,0.08,1.29,1.18,0.91,0.83,0.54,1.37,1.45,7.87,2.55,32.4,7.87,2.55,0.1,0.3,17.6,0.11,-0.04,-0.07,13.6,13.58,8.68,1.71,1.0,0.71,1.11,0.37,1.39,1.39,0.97,0.05,0.08,0.16,0.11,0.03,1.53,3.95,2.39,67.3,0.29,0.29,0.42,0.26,26.3,0.26,0.03,0.0,15.1,8.34,8.03,5.68,1.37,6.5,16.0,40.7,9.47,9.68,2.61,7.08,11.5,26.6,20.7,0.21,90,100,80,6.21,4.74,23,6.89,1.16,0.95,1.53,-0.58,-0.58,0.91,1.46,-0.54,-0.54,34.8,418.3,55.7,154.7,176.0,93.2,11.5,418.2,8.45,13.5,62.6,14.8,7.74,205.0,14.6,209.2,317.6,65.9,4180.9,1901.5,85.4,107.7,79.3,80.6,107.1,75.3,34.7,78.7,44.1,-0.12,5.16,17.2,4.0,1.92,15.2
38.0,1.5,0.18,0.05,0.11,0.03,1.31,0.32,-0.17,-0.17,5.11,16.0,32.0,27.0,4.11,40.0,34.9,8.29,62.5,46.6,14.6,0.26,1.8,1.18,1.18,15.6,38,418,1.45,1.03,1.26,0.18,0.18,2.87,0.13,2.47,2.29,1.33,1.18,0.97,2.15,2.29,9.21,3.5,38.0,9.21,3.5,0.14,0.36,17.0,0.13,0.12,0.08,16.4,16.42,12.1,1.34,0.82,0.95,1.0,0.21,2.58,2.58,1.82,0.16,0.13,0.16,0.26,0.05,1.5,3.63,2.13,63.8,0.34,0.29,0.32,0.24,23.7,0.21,0.03,0.0,17.4,9.68,8.74,6.82,1.87,6.26,18.3,34.3,12.0,10.5,2.34,8.16,10.7,28.1,19.8,0.32,90,100,83,7.37,3.61,20,6.26,1.39,1.45,1.5,-0.05,-0.05,1.33,1.34,-0.02,-0.02,53.3,609.5,64.4,210.1,280.9,123.5,15.4,609.3,7.26,12.2,59.4,14.0,7.34,394.3,24.8,399.4,508.4,78.6,6922.7,2404.0,181.9,209.1,87.0,161.0,189.2,85.1,40.8,76.7,53.3,0.06,7.03,25.7,6.53,1.26,25.4
38.0,1.37,0.08,0.0,0.13,0.0,1.25,0.33,-0.12,-0.12,8.95,22.3,40.1,24.7,3.26,65.9,48.1,6.58,91.6,68.4,10.7,0.37,3.4,1.66,1.66,18.4,38,418,0.76,0.53,0.66,0.11,0.24,1.87,0.08,1.29,1.18,1.19,1.01,0.79,1.79,1.98,11.7,3.34,28.7,11.66,3.34,0.06,0.2,18.1,0.09,-0.43,-0.35,19.8,19.82,13.2,2.32,1.26,1.34,1.34,0.39,1.26,1.26,0.79,0.08,0.16,0.11,0.05,0.08,1.37,3.55,2.16,63.7,0.16,0.32,0.5,0.24,23.7,0.13,0.03,0.03,13.5,8.13,6.0,5.37,2.16,5.34,13.6,39.2,8.29,9.47,1.66,7.82,11.4,24.9,15.6,0.29,90,100,82,7.0,3.92,21,7.0,0.79,0.76,1.37,-0.61,-0.61,1.19,1.2,-0.01,-0.01,49.3,545.0,46.6,146.2,250.5,154.2,17.7,544.7,8.42,13.7,61.7,17.3,8.42,305.2,22.5,310.8,444.5,69.9,6173.9,2437.0,127.4,153.8,82.8,120.6,157.0,76.8,52.7,105.9,49.7,-0.26,8.13,29.4,6.68,3.11,23.0
38.0,1.45,0.16,0.0,0.16,0.03,1.55,0.32,0.13,0.13,7.03,15.9,44.2,27.5,4.42,36.8,34.8,9.16,63.2,45.2,14.1,0.26,1.9,0.89,0.89,13.7,38,418,0.87,0.66,0.82,0.05,0.08,2.61,0.08,1.53,1.47,0.79,0.72,0.57,1.3,1.36,6.97,2.26,32.5,6.97,2.26,0.12,0.36,16.8,0.11,0.08,0.09,12.1,12.11,8.37,1.58,0.58,0.66,0.79,0.13,1.42,1.42,0.92,0.21,0.08,0.11,0.08,0.03,1.45,4.29,2.79,69.9,0.21,0.32,0.47,0.18,18.4,0.26,0.08,0.03,14.5,8.84,8.53,4.97,1.0,5.53,15.2,36.4,9.66,9.39,2.55,6.84,10.2,24.7,18.1,0.26,90,100,82,7.03,4.0,21,7.84,0.95,0.89,1.45,-0.55,-0.55,0.79,1.6,-0.82,-0.82,47.5,546.3,67.9,219.7,239.7,92.3,10.8,546.2,9.61,16.3,59.1,16.2,9.08,350.0,15.9,354.8,448.8,79.0,6423.0,2479.6,158.6,177.7,89.3,139.7,162.9,85.7,43.5,78.9,55.1,0.08,5.0,20.6,3.89,2.08,16.3
38.0,1.13,0.18,0.0,0.08,0.08,1.04,0.29,-0.01,-0.01,9.74,24.0,40.5,22.7,1.26,80.1,49.7,6.92,84.4,55.4,11.7,0.45,3.8,1.32,1.32,17.2,38,418,0.71,0.37,0.63,0.08,0.13,3.16,0.18,1.08,1.0,0.91,0.8,0.62,1.42,1.53,9.34,2.55,27.3,9.34,2.55,0.07,0.25,18.8,0.09,-0.19,-0.17,16.2,16.24,10.9,1.84,0.95,0.95,1.37,0.24,1.0,1.0,0.58,0.0,0.16,0.16,0.11,0.0,1.13,2.92,1.84,67.6,0.24,0.29,0.47,0.37,36.8,0.21,0.03,0.0,15.2,9.26,6.11,7.26,1.87,6.34,16.3,38.9,9.95,9.5,1.39,8.11,10.3,25.6,16.2,0.11,90,100,83,7.11,3.71,19,6.0,1.0,0.74,1.13,-0.39,-0.39,0.91,1.06,-0.16,-0.16,43.3,462.3,42.0,123.3,205.6,139.7,17.4,462.2,6.92,12.7,54.5,16.0,9.32,231.9,19.8,236.2,364.8,64.8,4499.7,2008.3,106.4,135.7,78.4,81.9,114.2,71.7,37.3,84.7,44.0,-0.25,6.87,22.7,5.92,2.68,20.4
38.0,1.71,0.16,0.05,0.11,0.03,1.63,0.31,-0.06,-0.05,8.16,22.3,36.6,24.9,2.08,62.5,44.2,8.29,81.6,56.2,14.4,0.32,2.2,1.63,1.63,18.5,38,418,1.24,0.79,1.16,0.08,0.13,2.55,0.16,2.03,1.95,1.08,0.98,0.71,1.68,1.79,9.32,3.18,34.2,9.32,3.18,0.12,0.36,19.1,0.11,0.16,0.18,15.6,15.58,10.2,1.74,0.97,1.13,1.32,0.24,1.82,1.82,1.18,0.11,0.13,0.24,0.11,0.05,1.71,4.47,2.66,65.3,0.34,0.18,0.47,0.24,23.7,0.32,0.13,0.03,13.1,7.34,5.95,5.61,1.58,4.87,12.3,39.5,7.45,10.2,3.37,6.84,10.3,23.4,20.1,0.18,90,100,80,6.39,4.63,24,5.84,1.21,1.24,1.71,-0.47,-0.47,1.08,1.48,-0.39,-0.4,41.4,447.7,56.1,157.7,193.3,101.8,13.7,447.5,8.21,13.6,60.5,13.8,9.11,234.4,17.7,239.0,350.9,68.1,4572.7,1954.2,103.0,125.7,82.0,94.1,121.8,77.2,33.9,77.7,43.6,0.08,5.89,21.4,4.55,1.53,18.2
38.0,1.39,0.13,0.03,0.26,0.05,1.27,0.29,-0.07,-0.07,4.95,13.4,37.0,28.5,4.92,35.6,34.2,7.71,42.0,38.6,14.2,0.42,3.0,0.89,0.89,14.7,38,418,0.84,0.61,0.76,0.08,0.11,1.82,0.05,1.45,1.37,1.02,0.95,0.7,1.65,1.73,10.6,3.42,32.2,10.63,3.42,0.07,0.22,18.0,0.09,-0.18,-0.19,18.9,18.92,13.6,1.84,1.16,0.89,1.13,0.26,1.47,1.47,1.08,0.16,0.05,0.11,0.03,0.05,1.39,3.92,2.58,67.8,0.18,0.34,0.47,0.24,23.7,0.13,0.0,0.0,14.6,8.45,8.13,5.03,1.47,6.29,15.2,41.3,8.95,9.0,2.18,6.82,11.5,26.1,16.2,0.18,90,100,82,6.47,4.5,21,5.66,0.89,0.89,1.39,-0.5,-0.5,1.02,1.27,-0.25,-0.25,48.3,556.3,63.2,209.1,238.3,116.1,15.5,556.2,11.2,17.2,65.1,14.2,8.03,350.4,20.3,355.4,460.0,77.3,6603.2,2314.9,149.8,170.7,87.7,152.2,179.4,84.9,44.2,84.2,52.5,-0.1,7.76,23.6,5.82,2.97,20.9
38.0,1.5,0.08,0.03,0.16,0.05,1.32,0.29,-0.13,-0.13,3.58,10.1,35.6,24.8,5.18,32.3,32.7,7.24,28.0,29.6,14.0,0.21,1.5,1.87,1.87,17.6,38,418,1.18,0.92,1.11,0.08,0.16,1.79,0.03,2.11,2.03,1.06,0.94,0.78,1.72,1.84,9.89,3.29,33.2,9.89,3.29,0.11,0.34,18.2,0.1,0.12,0.17,17.6,17.63,13.7,1.26,0.95,0.66,0.76,0.34,2.11,2.11,1.58,0.11,0.13,0.11,0.08,0.11,1.5,4.29,2.84,66.9,0.24,0.37,0.39,0.11,10.5,0.11,0.0,0.03,13.4,7.42,7.05,4.95,1.45,5.47,14.3,38.3,8.82,8.82,2.45,6.37,11.4,24.9,17.9,0.39,90,100,81,6.13,4.84,20,5.76,1.08,1.21,1.5,-0.29,-0.29,1.06,1.41,-0.34,-0.34,52.2,572.7,63.4,201.3,249.0,128.1,17.6,572.5,9.63,16.2,59.5,14.4,8.58,368.1,28.9,373.4,476.7,78.3,6763.3,2525.7,167.3,189.5,88.3,151.6,179.1,84.7,44.6,80.9,55.1,0.14,7.53,28.6,8.05,2.18,29.6
38.0,1.26,0.13,0.0,0.13,0.05,1.24,0.3,0.03,0.03,11.6,26.2,44.3,26.2,2.42,71.5,47.3,7.95,94.4,61.3,15.8,0.79,5.0,2.0,2.0,17.3,38,418,0.95,0.66,0.82,0.13,0.16,2.11,0.13,1.61,1.47,1.02,0.91,0.66,1.57,1.68,9.68,3.0,31.0,9.68,3.0,0.08,0.27,18.8,0.1,-0.07,-0.1,16.1,16.13,11.6,1.84,0.79,0.92,0.76,0.21,1.61,1.61,1.18,0.11,0.0,0.16,0.08,0.08,1.27,3.74,2.47,69.7,0.29,0.26,0.42,0.29,28.9,0.21,0.05,0.03,13.8,7.39,5.87,5.71,2.21,5.89,14.5,40.6,8.63,9.18,2.63,6.55,10.3,24.1,20.4,0.18,90,100,81,6.32,4.55,20,6.5,1.16,0.97,1.26,-0.29,-0.29,1.02,1.26,-0.24,-0.24,43.2,496.0,55.2,157.9,227.1,116.1,16.3,495.8,6.45,11.6,55.6,15.5,8.16,264.9,22.5,269.3,395.6,68.1,5298.8,2409.4,115.8,145.8,79.4,101.8,135.5,75.1,43.4,87.6,49.5,0.0,6.82,25.5,6.87,2.66,23.1
38.0,0.74,0.18,0.0,0.08,0.03,0.86,0.22,0.15,0.15,2.34,7.89,29.7,28.6,6.39,20.6,29.6,6.18,32.3,36.6,12.4,0.68,5.5,1.16,1.16,15.7,38,418,1.68,1.39,1.61,0.08,0.08,1.55,0.05,3.08,3.0,1.62,1.56,1.25,2.8,2.87,14.3,4.39,30.7,14.32,4.39,0.11,0.37,17.7,0.11,0.07,0.05,25.8,25.84,19.6,2.08,1.45,1.34,1.08,0.26,3.0,3.0,2.34,0.16,0.21,0.13,0.11,0.05,0.74,3.05,2.32,81.9,0.66,0.24,0.11,0.45,44.7,0.21,0.03,0.0,14.0,8.37,7.0,4.95,2.03,5.05,14.0,36.1,8.95,9.05,2.18,6.87,10.5,24.4,14.3,0.32,90,100,82,7.34,3.61,23,5.71,2.21,1.76,0.74,1.03,1.03,1.62,0.99,0.63,0.63,59.3,728.8,59.8,207.4,324.0,203.6,26.5,728.7,11.3,17.0,66.4,14.4,8.29,538.3,32.6,543.5,634.7,85.6,9288.6,2932.4,257.6,279.5,92.2,203.4,226.1,89.9,58.3,84.8,68.7,0.15,11.5,40.1,10.6,2.03,33.3
38.0,1.0,0.08,0.0,0.11,0.03,0.92,0.3,-0.05,-0.05,5.37,13.7,39.2,26.3,3.47,38.2,35.1,5.71,64.1,49.7,10.9,0.24,2.2,1.24,1.24,17.3,38,418,1.53,1.03,1.29,0.24,0.32,2.13,0.03,2.55,2.32,1.6,1.36,1.04,2.4,2.64,11.0,3.66,33.3,10.97,3.66,0.12,0.35,16.5,0.13,-0.07,-0.07,19.7,19.71,14.0,2.0,0.92,1.18,1.26,0.34,2.63,2.63,1.89,0.24,0.05,0.24,0.21,0.0,1.0,2.76,1.76,66.7,0.45,0.29,0.26,0.37,36.8,0.13,0.03,0.03,14.4,8.47,6.32,5.97,2.11,5.26,12.6,41.7,7.37,9.29,2.53,6.76,8.29,22.7,14.8,0.13,90,100,81,6.32,4.66,21,6.18,1.63,1.55,1.0,0.55,0.55,1.6,1.03,0.57,0.57,54.9,592.5,54.9,171.7,281.0,145.4,21.4,592.2,8.68,14.5,60.0,13.6,8.18,384.8,28.3,392.5,499.9,78.5,6965.6,2420.5,173.5,199.7,86.9,165.3,193.9,85.3,41.6,74.7,55.7,-0.02,8.11,28.9,9.03,1.68,29.3
38.0,0.87,0.11,0.0,0.11,0.05,0.88,0.24,0.07,0.07,4.82,11.0,43.8,26.7,4.45,30.0,31.7,5.92,50.7,39.5,13.5,0.79,5.9,0.95,0.95,14.5,38,418,1.37,0.95,1.21,0.16,0.18,2.08,0.05,2.32,2.16,1.43,1.29,1.08,2.37,2.51,11.9,3.55,29.7,11.95,3.55,0.1,0.34,17.2,0.11,-0.06,-0.08,21.8,21.76,16.7,1.61,1.42,0.95,0.92,0.21,2.29,2.29,1.74,0.11,0.18,0.16,0.11,0.0,0.87,3.16,2.29,75.8,0.63,0.13,0.24,0.45,44.7,0.16,0.05,0.0,12.9,7.82,5.79,5.26,1.89,4.84,13.4,36.1,8.58,8.16,2.37,5.79,9.53,22.5,16.7,0.26,90,100,81,6.13,4.84,20,7.0,2.03,1.39,0.87,0.53,0.53,1.43,0.92,0.52,0.52,60.9,692.9,65.5,214.7,321.0,162.1,20.5,692.7,10.3,15.8,65.4,13.6,8.13,501.3,27.4,506.5,601.9,84.2,9025.9,2802.0,227.7,249.2,91.4,204.6,229.5,89.2,57.6,90.6,63.6,-0.13,10.2,32.5,9.11,3.21,28.1
38.0,1.39,0.13,0.08,0.13,0.05,1.27,0.24,-0.07,-0.07,7.66,17.5,43.8,22.9,3.82,49.1,37.9,8.89,69.8,50.4,17.2,0.29,1.7,0.82,0.82,14.7,38,418,1.26,0.92,1.05,0.21,0.26,2.16,0.13,2.18,1.97,1.12,0.92,0.72,1.63,1.84,10.1,3.39,33.7,10.08,3.39,0.1,0.31,20.1,0.09,0.14,0.14,18.1,18.08,12.7,1.53,1.24,0.89,1.55,0.18,2.26,2.26,1.53,0.26,0.13,0.13,0.21,0.0,1.39,4.61,3.18,72.6,0.26,0.34,0.39,0.18,18.4,0.21,0.08,0.0,12.2,7.29,6.34,4.29,1.55,5.21,15.6,33.4,10.4,9.79,3.24,6.55,10.3,22.5,20.7,0.32,90,100,83,6.92,3.95,19,7.45,1.13,1.32,1.39,-0.08,-0.08,1.12,1.37,-0.25,-0.25,46.9,529.4,67.6,189.0,228.8,117.3,14.6,529.1,8.97,14.6,61.7,13.1,7.05,331.4,21.8,335.7,433.7,77.4,6358.5,2348.5,140.3,161.6,86.8,139.6,164.1,85.1,45.7,80.9,56.5,0.2,7.45,24.4,6.29,1.63,22.3
38.0,1.5,0.16,0.03,0.13,0.0,1.41,0.3,-0.09,-0.1,6.61,21.3,31.0,23.1,3.5,61.2,44.4,8.71,82.5,58.3,15.2,0.18,1.2,0.74,0.74,14.6,38,418,0.89,0.55,0.71,0.18,0.21,2.45,0.11,1.45,1.26,1.06,0.89,0.64,1.53,1.69,9.45,2.89,30.6,9.45,2.89,0.08,0.25,18.7,0.1,-0.16,-0.18,17.1,17.13,12.4,1.32,0.87,0.82,1.45,0.29,1.47,1.47,0.95,0.05,0.08,0.13,0.24,0.03,1.5,4.24,2.74,68.3,0.13,0.42,0.45,0.08,7.9,0.18,0.0,0.03,14.7,8.45,7.5,5.47,1.74,6.5,17.9,36.3,11.4,9.97,2.68,7.29,11.3,26.1,21.4,0.24,90,100,81,6.47,4.47,21,6.47,0.82,0.89,1.5,-0.61,-0.61,1.06,1.39,-0.34,-0.34,45.2,507.0,58.7,172.6,220.5,119.7,14.6,506.8,7.66,13.3,57.7,13.8,8.63,288.7,20.2,293.3,404.9,72.4,5423.8,2112.3,130.8,154.3,84.8,113.1,139.0,81.4,39.2,83.9,46.7,-0.08,6.92,23.0,5.61,2.37,20.7
38.0,1.16,0.18,0.0,0.08,0.05,1.02,0.25,-0.09,-0.09,4.39,11.3,38.7,28.9,5.47,26.0,29.9,8.0,48.0,40.5,15.7,0.74,4.7,0.84,0.84,13.8,38,418,1.5,0.87,1.18,0.32,0.34,1.76,0.13,2.37,2.05,1.48,1.22,1.07,2.29,2.55,10.3,3.84,37.2,10.32,3.84,0.11,0.31,17.0,0.12,0.02,-0.04,19.5,19.53,15.1,1.21,1.29,0.74,0.97,0.18,2.61,2.61,1.82,0.08,0.32,0.18,0.18,0.03,1.16,3.32,2.18,70.6,0.39,0.34,0.26,0.26,26.3,0.24,0.03,0.03,14.2,8.24,6.74,5.39,2.05,6.29,15.5,40.6,9.18,9.42,2.66,6.76,9.76,23.9,16.8,0.45,90,100,82,6.66,4.34,20,6.26,1.53,1.58,1.16,0.42,0.42,1.48,1.12,0.37,0.37,55.2,649.1,64.4,206.0,300.8,148.6,21.1,648.8,11.5,18.2,63.2,14.3,8.84,452.7,29.4,460.7,556.0,82.9,8036.9,2759.0,212.5,235.9,90.1,186.8,210.9,88.5,47.1,75.2,62.6,-0.2,8.34,30.9,9.42,2.13,30.6
38.0,1.55,0.32,0.08,0.08,0.0,1.49,0.27,-0.06,-0.06,9.87,21.8,45.3,20.6,2.71,66.1,45.0,9.03,90.4,58.6,13.9,0.32,2.3,0.39,0.39,12.3,38,418,0.89,0.53,0.74,0.16,0.16,2.92,0.18,1.42,1.26,1.03,0.91,0.71,1.62,1.74,8.08,2.58,31.9,8.08,2.58,0.09,0.29,16.7,0.12,-0.14,-0.18,14.1,14.11,8.76,2.32,0.74,0.95,1.21,0.13,1.53,1.53,0.82,0.21,0.11,0.16,0.21,0.03,1.55,4.24,2.61,70.8,0.26,0.24,0.47,0.24,23.7,0.39,0.08,0.0,15.2,9.11,6.87,6.97,1.39,6.71,16.3,41.2,9.58,10.1,3.0,7.13,10.3,25.6,20.2,0.18,90,100,83,,3.5,22,4.92,1.03,0.89,1.55,-0.66,-0.66,1.03,1.52,-0.49,-0.49,41.5,468.3,53.5,159.8,219.2,94.3,13.2,468.2,6.61,13.1,50.5,14.1,8.13,249.2,18.7,252.9,367.7,68.8,4793.9,2172.8,112.7,140.2,80.4,95.1,126.0,75.5,36.4,76.8,47.4,-0.18,6.21,19.0,4.5,1.47,19.0
38.0,1.0,0.13,0.05,0.05,0.05,1.05,0.28,0.1,0.1,9.08,21.5,42.2,25.7,4.53,56.5,42.1,7.84,89.3,60.9,14.4,0.68,4.8,0.53,0.53,12.8,38,418,1.05,0.61,0.84,0.21,0.26,2.37,0.05,1.66,1.45,1.09,0.89,0.69,1.58,1.78,10.6,3.32,31.4,10.55,3.32,0.08,0.25,18.8,0.09,-0.04,-0.05,18.1,18.13,12.3,2.21,0.97,0.95,1.42,0.24,1.71,1.71,1.13,0.11,0.08,0.16,0.21,0.03,1.0,3.37,2.42,74.2,0.34,0.32,0.32,0.32,31.6,0.18,0.0,0.05,14.0,8.53,6.89,5.37,1.76,5.71,16.1,35.4,10.4,8.92,2.42,6.5,9.82,23.8,19.9,0.18,90,100,83,,3.42,21,4.97,1.34,1.08,1.0,0.08,0.08,1.09,1.28,-0.19,-0.19,48.7,546.0,54.5,163.4,258.0,130.5,15.4,545.7,8.87,15.4,57.4,15.2,7.87,325.4,22.9,329.8,445.1,74.1,6171.8,2375.0,145.3,170.9,85.0,123.5,153.4,80.5,48.2,88.6,54.4,-0.08,7.29,25.4,5.71,2.24,23.5
38.0,0.71,0.08,0.03,0.11,0.08,0.78,0.24,0.15,0.15,6.13,15.6,39.4,16.8,2.95,56.6,41.1,8.34,72.6,50.0,14.0,0.32,2.3,0.32,0.32,13.1,38,418,1.32,0.92,1.16,0.16,0.21,2.45,0.08,2.24,2.08,1.49,1.33,1.04,2.37,2.53,11.6,3.58,30.9,11.58,3.58,0.1,0.32,17.3,0.12,-0.18,-0.17,20.8,20.76,14.4,2.32,1.11,1.34,1.26,0.34,2.26,2.26,1.47,0.13,0.29,0.13,0.21,0.03,0.71,2.95,2.32,78.6,0.47,0.42,0.08,0.45,44.7,0.11,0.0,0.03,17.3,10.7,7.71,7.16,2.45,7.45,16.8,44.2,9.39,10.0,2.84,7.16,10.8,28.2,19.2,0.47,90,100,82,,3.42,23,4.92,1.84,1.34,0.71,0.63,0.63,1.49,0.86,0.64,0.64,48.6,573.9,50.8,163.2,277.8,137.6,21.0,573.7,9.16,14.3,64.1,15.4,9.92,353.9,26.5,357.8,467.5,76.5,5841.3,2325.2,178.5,204.7,87.2,120.6,149.9,80.4,35.4,70.4,50.2,-0.12,8.68,23.8,7.61,1.29,26.9
38.0,1.0,0.16,0.05,0.03,0.0,0.96,0.26,-0.04,-0.04,3.34,6.55,51.0,32.9,4.79,15.3,25.7,6.29,24.3,29.1,10.6,0.5,4.7,1.13,1.13,15.3,38,418,2.21,1.63,2.05,0.16,0.16,2.42,0.16,3.84,3.68,1.74,1.62,1.3,2.93,3.05,12.8,5.61,43.6,12.84,5.61,0.16,0.37,17.4,0.13,0.47,0.43,23.7,23.68,17.8,1.0,2.18,0.87,1.58,0.29,3.95,3.95,3.0,0.16,0.26,0.13,0.32,0.08,1.0,3.13,2.11,73.1,0.66,0.18,0.16,0.39,39.5,0.18,0.03,0.0,14.1,8.5,5.68,5.87,2.55,5.55,13.2,42.1,7.63,8.24,2.29,5.95,9.0,23.1,13.9,0.42,90,100,83,,3.24,22,4.82,2.16,2.26,1.0,1.26,1.26,1.74,1.01,0.74,0.74,66.4,831.8,64.1,202.3,409.9,225.0,27.6,831.7,13.8,20.9,66.1,11.7,9.32,645.7,36.6,651.5,742.8,87.7,10290.6,3157.9,331.8,359.6,92.3,239.9,262.4,91.4,49.7,68.9,72.1,0.33,10.1,48.1,11.0,0.82,37.2
38.0,1.58,0.29,0.03,0.11,0.03,1.44,0.29,-0.11,-0.11,4.16,12.2,34.1,27.7,4.5,33.8,32.7,7.29,39.0,36.2,13.8,0.32,2.3,1.55,1.55,17.8,38,418,1.26,0.92,1.11,0.16,0.21,2.84,0.24,2.18,2.03,1.34,1.19,0.97,2.16,2.31,12.4,4.0,32.3,12.39,4.0,0.09,0.28,18.4,0.1,-0.08,-0.08,22.0,21.97,16.1,1.61,2.03,0.97,1.0,0.29,1.97,1.97,1.37,0.11,0.16,0.18,0.16,0.0,1.58,4.05,2.5,68.2,0.26,0.29,0.42,0.16,15.8,0.29,0.0,0.0,13.2,7.87,7.26,4.55,1.37,5.82,13.4,43.2,7.63,8.84,3.13,5.71,7.95,21.1,17.9,0.21,90,100,83,,3.47,20,4.79,1.08,1.26,1.58,-0.32,-0.32,1.34,1.44,-0.1,-0.1,56.7,621.1,65.7,206.7,273.7,147.2,22.2,620.9,11.7,18.8,62.4,14.4,9.34,420.8,25.0,425.8,521.7,81.6,7495.1,2486.7,193.5,216.3,89.5,171.2,195.2,87.7,46.7,78.6,59.4,-0.05,9.47,26.7,8.47,2.21,25.6
38.0,1.29,0.13,0.08,0.08,0.0,1.21,0.28,-0.08,-0.08,5.32,15.2,35.1,20.6,3.58,44.5,36.7,8.92,67.0,49.1,15.9,0.53,3.3,0.42,0.42,10.4,38,418,0.97,0.68,0.82,0.16,0.24,2.74,0.16,1.66,1.5,1.03,0.85,0.69,1.54,1.72,9.45,3.45,36.5,9.45,3.45,0.09,0.24,18.8,0.09,-0.06,-0.04,17.3,17.29,12.6,1.34,1.05,0.97,1.13,0.21,1.76,1.76,1.13,0.08,0.21,0.13,0.21,0.0,1.29,3.92,2.63,70.5,0.18,0.39,0.39,0.32,31.6,0.13,0.0,0.0,15.5,9.39,9.05,5.08,1.37,6.61,16.2,40.8,9.58,9.08,2.34,6.74,10.4,25.9,21.2,0.32,90,100,83,,3.42,20,4.92,0.97,0.97,1.29,-0.32,-0.32,1.03,1.19,-0.16,-0.16,51.7,591.2,60.7,197.9,271.3,127.7,15.2,591.0,9.74,16.1,60.7,14.2,9.87,378.3,24.7,382.9,488.3,78.4,6555.6,2376.7,177.4,202.3,87.7,151.2,177.6,85.1,37.4,71.2,52.6,-0.01,7.34,25.5,6.66,1.58,25.2
38.0,1.47,0.11,0.05,0.08,0.03,1.37,0.35,-0.07,-0.07,7.82,23.6,33.1,23.2,2.45,72.3,51.7,7.05,96.3,70.6,12.4,0.68,5.5,2.03,2.03,17.4,38,418,1.0,0.63,0.82,0.18,0.26,2.42,0.08,1.63,1.45,1.11,0.9,0.68,1.58,1.79,11.0,3.47,31.5,11.03,3.47,0.07,0.23,18.9,0.08,-0.11,-0.08,18.7,18.66,11.8,2.55,1.05,1.45,1.29,0.5,1.66,1.66,0.97,0.18,0.13,0.16,0.21,0.0,1.47,3.63,2.13,62.3,0.29,0.24,0.47,0.29,28.9,0.16,0.05,0.0,14.9,8.89,6.32,6.0,2.61,6.95,16.0,43.5,9.03,8.74,2.13,6.61,11.3,26.2,18.2,0.21,90,100,84,,3.37,19,4.87,1.11,1.03,1.47,-0.45,-0.45,1.11,1.39,-0.29,-0.29,46.3,510.9,47.0,136.1,238.6,142.4,16.5,510.6,6.84,12.1,56.8,14.8,9.34,270.2,21.4,274.7,409.2,67.1,5468.8,2208.5,116.4,143.6,81.0,105.5,140.9,74.9,45.1,100.8,44.7,-0.05,7.68,26.5,5.89,2.84,22.3
38.0,1.53,0.16,0.0,0.11,0.05,1.43,0.31,-0.04,-0.04,6.0,18.1,33.1,23.6,3.5,52.5,40.6,8.32,69.0,49.6,13.0,0.76,5.9,1.34,1.35,15.7,38,418,0.66,0.45,0.55,0.11,0.11,2.82,0.24,1.11,1.0,1.02,0.94,0.72,1.66,1.74,10.7,3.16,29.5,10.71,3.16,0.05,0.18,19.1,0.09,-0.36,-0.38,18.2,18.18,12.3,2.16,0.97,1.18,1.32,0.21,1.16,1.16,0.68,0.13,0.05,0.16,0.08,0.05,1.53,4.29,2.79,68.1,0.13,0.26,0.58,0.16,15.8,0.18,0.03,0.0,16.5,9.58,7.97,6.66,1.89,6.76,18.4,36.7,11.7,10.0,2.53,7.47,9.47,26.0,19.2,0.45,90,100,83,,3.42,19,4.97,0.66,0.71,1.53,-0.82,-0.82,1.02,1.34,-0.33,-0.33,47.4,531.6,55.4,180.6,242.7,114.6,15.6,531.5,7.39,12.9,57.5,15.2,8.71,308.2,23.2,312.7,430.6,72.6,5915.7,2297.0,127.1,152.4,83.4,136.2,167.6,81.2,40.2,85.1,47.2,-0.27,7.45,25.3,5.84,2.26,23.8
38.0,0.97,0.13,0.0,0.05,0.05,1.01,0.3,0.09,0.09,9.45,25.5,37.0,23.2,1.21,83.4,52.7,6.82,91.1,58.5,10.1,0.53,5.2,1.82,1.82,18.1,38,418,1.11,0.82,0.95,0.16,0.18,3.55,0.13,1.92,1.76,1.09,0.95,0.73,1.68,1.83,10.7,3.18,29.7,10.74,3.18,0.09,0.3,18.6,0.09,0.01,-0.0,18.2,18.21,12.2,2.18,0.95,0.92,1.66,0.26,1.84,1.84,1.13,0.18,0.18,0.16,0.16,0.03,0.97,2.87,1.92,70.6,0.37,0.32,0.32,0.39,39.5,0.16,0.03,0.0,15.3,8.97,6.18,6.92,2.16,6.18,15.1,41.0,8.89,9.84,1.58,8.26,9.66,24.9,16.4,0.32,90,100,84,,3.37,19,4.61,1.42,1.13,0.97,0.16,0.16,1.09,1.09,0.01,0.0,45.0,464.0,39.2,127.7,206.9,135.4,16.9,463.8,7.21,12.5,57.6,16.7,8.37,214.3,22.6,218.9,360.9,60.7,4347.5,2060.0,93.0,124.0,75.0,78.3,116.0,67.5,38.6,92.3,41.8,0.08,7.47,25.5,7.24,3.42,23.3
38.0,1.18,0.11,0.03,0.13,0.0,1.21,0.27,0.02,0.02,8.66,23.7,36.6,28.3,3.61,60.1,43.0,8.55,78.2,55.1,14.2,0.71,5.0,1.79,1.79,16.4,38,418,1.32,0.89,1.18,0.13,0.13,2.87,0.03,2.21,2.08,1.18,1.08,0.8,1.88,1.98,10.2,3.11,30.3,10.24,3.11,0.12,0.38,19.0,0.11,0.13,0.11,17.6,17.55,11.4,2.34,0.84,1.0,1.53,0.42,2.24,2.24,1.37,0.24,0.13,0.21,0.21,0.08,1.18,4.11,2.89,73.7,0.42,0.21,0.37,0.34,34.2,0.13,0.03,0.0,15.4,9.18,6.76,6.76,1.84,6.26,15.0,41.8,8.74,9.87,3.11,6.76,10.1,25.4,19.7,0.26,90,100,82,,3.5,24,4.58,1.47,1.37,1.18,0.18,0.18,1.18,1.12,0.06,0.06,43.8,472.3,58.8,165.4,199.6,113.4,15.2,472.1,7.89,14.6,54.2,12.8,7.63,253.8,18.6,258.2,371.2,69.5,5011.0,2096.2,104.5,127.4,82.0,104.7,133.9,78.2,39.1,82.5,47.4,0.09,7.24,21.6,4.63,1.82,19.1
38.0,1.34,0.16,0.05,0.18,0.03,1.22,0.29,-0.09,-0.09,6.84,20.4,33.6,21.8,4.34,62.1,44.9,7.68,89.0,62.5,13.5,0.47,3.5,1.11,1.11,15.9,38,418,0.79,0.5,0.71,0.08,0.13,3.34,0.11,1.29,1.21,1.05,0.94,0.73,1.68,1.78,11.2,3.76,33.5,11.24,3.76,0.06,0.19,19.2,0.09,-0.26,-0.23,19.8,19.79,13.4,2.29,1.16,1.26,1.5,0.18,1.42,1.42,1.0,0.11,0.05,0.08,0.16,0.03,1.34,3.63,2.29,67.4,0.21,0.29,0.47,0.24,23.7,0.18,0.03,0.0,15.9,9.39,8.34,5.66,1.87,6.68,16.1,41.6,9.37,8.42,1.92,6.5,11.0,26.9,18.1,0.18,90,100,82,,3.42,25,5.0,0.95,0.79,1.34,-0.55,-0.55,1.05,1.13,-0.08,-0.08,43.9,492.6,46.7,152.6,221.6,124.4,16.6,492.4,9.0,15.3,58.9,14.3,7.66,268.3,21.3,272.0,390.5,69.7,4983.1,2132.2,126.3,150.5,84.0,99.5,130.3,76.4,36.6,83.2,44.0,-0.23,7.68,23.4,5.87,2.5,21.8
38.0,1.39,0.08,0.03,0.24,0.05,1.43,0.23,0.09,0.09,4.71,13.6,34.8,21.4,5.42,43.1,37.5,9.26,46.6,39.4,16.7,0.53,3.1,1.29,1.29,14.5,38,418,1.18,0.74,1.05,0.13,0.13,2.08,0.13,1.92,1.79,1.27,1.16,0.96,2.12,2.22,11.1,3.5,31.5,11.11,3.5,0.09,0.3,19.0,0.11,-0.08,-0.11,19.6,19.63,14.4,1.84,1.24,0.92,0.97,0.21,2.08,2.08,1.37,0.11,0.16,0.21,0.24,0.0,1.39,5.66,4.24,76.7,0.37,0.18,0.45,0.16,15.8,0.16,0.05,0.03,13.3,7.58,7.39,4.55,1.39,5.37,14.0,38.3,8.63,8.34,2.82,5.53,8.71,22.1,20.1,0.37,90,100,84,,3.53,19,4.92,1.29,1.24,1.39,-0.16,-0.16,1.27,1.66,-0.39,-0.39,48.3,528.9,65.4,200.9,217.5,115.6,16.4,528.8,10.2,16.8,60.6,14.1,7.95,321.9,25.9,326.7,429.8,76.0,5969.4,2420.1,149.4,170.9,87.4,125.6,151.7,82.8,42.4,80.9,52.4,-0.22,8.58,25.9,6.66,1.97,26.4
38.0,1.71,0.39,0.05,0.18,0.03,1.68,0.26,-0.01,-0.01,6.66,17.6,37.8,24.6,4.87,52.0,39.6,8.39,58.0,47.8,14.2,0.68,4.8,0.74,0.74,13.5,38,418,1.03,0.55,0.82,0.21,0.26,2.45,0.13,1.58,1.37,1.08,0.88,0.67,1.54,1.75,10.8,3.11,28.8,10.79,3.11,0.08,0.26,19.2,0.08,-0.06,-0.06,19.5,19.5,13.4,2.05,1.37,1.0,1.47,0.21,1.66,1.66,1.08,0.03,0.16,0.13,0.24,0.03,1.71,5.0,3.29,73.7,0.24,0.16,0.61,0.13,13.2,0.42,0.03,0.0,14.3,8.89,7.37,5.61,1.37,5.97,15.8,37.7,9.87,9.47,3.08,6.39,9.89,24.2,17.7,0.24,90,100,83,,3.47,22,4.87,0.87,1.05,1.71,-0.66,-0.66,1.08,1.67,-0.59,-0.59,45.0,514.4,62.1,174.1,219.9,127.0,18.0,514.2,10.3,18.7,55.3,16.4,9.29,305.7,20.5,310.1,411.5,75.4,5323.3,2238.4,148.6,172.6,86.1,111.1,136.8,81.2,33.6,67.8,49.5,-0.12,8.13,21.9,5.55,1.92,21.0
38.0,1.42,0.13,0.08,0.13,0.0,1.34,0.33,-0.08,-0.08,7.61,22.6,33.7,23.4,3.79,67.3,46.9,7.97,85.8,58.4,12.8,0.55,4.3,1.24,1.24,16.2,38,418,1.21,0.68,1.0,0.21,0.21,2.89,0.16,1.89,1.68,1.3,1.14,0.91,2.04,2.21,12.0,3.74,31.2,11.97,3.74,0.08,0.27,18.7,0.1,-0.09,-0.14,20.6,20.61,14.6,2.47,1.05,1.11,1.11,0.32,1.92,1.92,1.29,0.24,0.11,0.13,0.13,0.03,1.42,3.76,2.34,65.7,0.34,0.32,0.29,0.29,28.9,0.13,0.0,0.0,16.1,9.5,7.24,7.03,1.87,7.03,16.2,43.3,9.21,10.1,2.58,7.55,11.0,27.1,19.4,0.5,90,100,83,,3.39,20,4.87,1.37,1.21,1.42,-0.21,-0.21,1.3,1.3,0.0,0.0,47.4,526.8,53.2,160.1,246.1,126.8,17.4,526.6,8.29,13.8,60.0,16.1,8.05,283.0,25.6,288.4,418.5,68.9,5486.2,2337.0,125.6,154.2,81.5,110.2,146.0,75.5,43.5,90.4,48.2,-0.22,8.97,24.9,7.03,2.47,26.1
38.0,0.66,0.05,0.0,0.13,0.0,0.81,0.26,0.15,0.15,2.37,8.21,28.8,25.5,5.97,22.7,30.2,6.47,37.4,38.2,12.1,0.61,5.0,0.97,0.97,14.4,38,418,1.82,1.37,1.53,0.29,0.29,2.16,0.11,3.18,2.89,1.79,1.56,1.31,2.87,3.1,14.5,5.84,40.2,14.53,5.84,0.11,0.26,18.0,0.11,0.03,-0.03,26.9,26.89,20.5,1.79,1.92,1.24,1.11,0.32,3.29,3.29,2.37,0.18,0.18,0.13,0.39,0.03,0.66,2.89,2.24,79.1,0.68,0.24,0.08,0.5,50.0,0.05,0.0,0.0,15.4,9.34,6.63,6.66,2.13,5.95,15.7,38.0,9.71,9.66,2.03,7.63,10.0,25.4,15.5,0.34,90,100,85,,3.16,18,5.21,2.29,1.84,0.66,1.18,1.18,1.79,0.88,0.91,0.91,58.8,726.5,59.2,203.3,329.8,199.8,27.2,726.2,12.7,20.2,62.9,13.6,8.29,523.7,33.7,529.1,624.6,84.7,9273.6,2989.7,258.7,281.5,91.9,191.4,216.9,88.2,63.3,93.6,67.6,0.06,11.5,40.7,10.5,2.63,34.4
38.0,1.26,0.18,0.05,0.11,0.03,1.19,0.26,-0.04,-0.04,5.79,13.4,43.2,29.7,3.5,30.1,32.0,6.47,69.1,48.0,11.8,0.34,2.9,1.71,1.71,17.5,38,418,1.42,1.0,1.32,0.11,0.13,2.08,0.05,2.42,2.32,1.29,1.19,0.93,2.12,2.22,11.2,3.66,32.8,11.16,3.66,0.12,0.36,17.7,0.11,0.13,0.13,19.6,19.55,14.5,1.84,0.89,1.05,1.0,0.26,2.42,2.42,1.82,0.16,0.11,0.16,0.05,0.13,1.26,3.79,2.53,71.5,0.42,0.21,0.37,0.24,23.7,0.24,0.03,0.03,14.5,8.45,6.68,5.89,1.92,6.63,15.1,44.0,8.45,9.11,2.08,7.03,8.42,22.9,18.3,0.32,90,100,83,,3.32,22,5.13,1.47,1.47,1.26,0.21,0.21,1.29,1.13,0.15,0.15,56.2,630.1,61.7,198.9,298.1,138.5,20.2,630.0,9.34,15.6,60.1,14.5,9.39,414.7,29.3,420.8,532.3,79.0,7488.0,2613.3,181.5,209.7,86.6,186.8,217.1,86.1,41.3,75.0,55.0,0.07,8.5,29.9,8.61,2.26,29.9
38.0,0.89,0.08,0.08,0.05,0.03,0.85,0.24,-0.02,-0.02,4.71,11.8,39.8,21.4,4.71,35.1,34.2,7.34,58.8,45.4,12.6,0.5,4.0,0.76,0.76,14.4,38,418,1.39,0.92,1.21,0.18,0.18,2.55,0.03,2.32,2.13,1.4,1.26,1.01,2.27,2.41,12.7,4.32,33.9,12.74,4.32,0.1,0.28,16.7,0.1,-0.01,-0.05,23.0,22.97,16.7,2.37,1.34,1.11,1.11,0.32,2.34,2.34,1.53,0.21,0.26,0.13,0.21,0.0,0.89,3.08,2.18,73.5,0.45,0.34,0.16,0.45,44.7,0.11,0.03,0.0,15.4,9.05,7.21,6.47,1.76,6.87,17.4,39.5,10.5,8.71,2.47,6.24,9.11,24.6,18.5,0.26,90,100,83,,3.5,23,4.92,1.84,1.42,0.89,0.53,0.53,1.4,0.95,0.45,0.45,57.9,671.5,58.8,205.2,306.1,166.0,23.9,671.3,10.9,17.6,61.9,14.2,9.26,456.9,30.3,461.2,571.9,80.6,8415.1,2796.4,201.2,226.4,88.9,184.5,215.7,85.5,58.5,92.8,63.0,-0.09,9.45,33.5,9.03,2.89,30.9
38.0,1.39,0.18,0.08,0.11,0.03,1.32,0.22,-0.05,-0.05,5.55,15.8,35.2,23.1,5.29,41.3,34.8,8.87,70.0,50.3,16.3,0.32,1.9,0.5,0.5,12.6,38,418,1.18,0.89,1.05,0.13,0.21,2.11,0.21,2.08,1.95,1.14,0.98,0.83,1.81,1.97,8.71,2.92,33.5,8.71,2.92,0.12,0.36,18.0,0.11,0.04,0.07,16.1,16.08,11.7,1.39,1.03,0.58,1.11,0.26,2.11,2.11,1.47,0.13,0.21,0.05,0.24,0.0,1.39,5.0,3.58,75.8,0.34,0.29,0.34,0.21,21.1,0.24,0.05,0.0,13.2,8.18,7.11,4.55,1.5,6.11,15.5,39.4,9.39,8.79,3.42,5.37,9.47,22.6,19.7,0.32,90,100,83,,3.47,22,4.92,1.39,1.21,1.39,-0.18,-0.18,1.14,1.47,-0.33,-0.33,49.0,572.7,68.4,202.5,254.2,121.3,16.6,572.5,9.08,14.4,62.8,13.7,7.45,377.2,25.9,381.3,480.5,79.4,6877.6,2393.4,166.3,188.0,88.5,155.9,181.0,86.2,44.9,81.5,55.1,0.06,6.66,25.6,7.18,1.55,26.3
38.0,1.13,0.18,0.05,0.13,0.0,1.26,0.29,0.13,0.13,6.79,20.9,32.5,20.8,3.42,63.1,44.1,9.61,80.8,56.1,15.5,0.39,2.5,0.47,0.47,10.8,38,418,0.82,0.5,0.74,0.08,0.16,2.21,0.0,1.32,1.24,0.96,0.84,0.63,1.48,1.59,9.71,3.05,31.4,9.71,3.05,0.08,0.24,20.0,0.09,-0.14,-0.11,17.1,17.05,11.9,1.24,1.21,0.82,1.53,0.32,1.39,1.39,0.89,0.05,0.11,0.16,0.18,0.0,1.13,3.66,2.5,74.1,0.24,0.39,0.34,0.32,31.6,0.21,0.03,0.0,14.9,8.61,8.32,5.37,1.26,6.29,17.7,35.6,11.4,10.3,2.95,7.34,10.3,25.2,19.7,0.34,90,100,83,,3.32,22,4.71,1.11,0.84,1.13,-0.29,-0.29,0.96,1.43,-0.47,-0.47,44.7,508.4,56.9,173.5,237.6,103.6,12.6,508.3,8.89,15.0,59.4,14.1,8.53,290.5,19.0,294.4,406.8,72.4,5533.6,2155.6,129.0,152.1,84.8,115.8,142.8,81.1,40.3,85.0,47.4,-0.13,6.68,22.1,4.08,1.5,19.5
38.0,1.29,0.21,0.0,0.26,0.05,1.19,0.22,-0.05,-0.05,3.84,11.6,33.0,22.7,4.55,32.1,32.5,8.55,50.8,40.7,17.1,0.5,2.9,0.71,0.71,13.4,38,418,1.63,1.05,1.37,0.26,0.29,2.05,0.03,2.68,2.42,1.67,1.45,1.13,2.59,2.81,12.7,4.21,33.1,12.71,4.21,0.11,0.33,18.2,0.12,-0.04,-0.08,22.7,22.68,16.9,1.74,1.58,1.16,0.97,0.37,2.84,2.84,1.87,0.13,0.26,0.26,0.29,0.03,1.29,4.32,3.05,75.0,0.47,0.16,0.37,0.32,31.6,0.24,0.03,0.0,14.6,8.5,6.58,6.29,1.68,5.74,15.8,36.2,10.1,9.53,3.05,6.47,8.92,23.5,21.4,0.32,90,100,84,,3.47,20,4.95,1.58,1.66,1.29,0.37,0.37,1.67,1.22,0.46,0.45,52.9,632.5,66.9,207.1,295.2,136.2,20.3,632.2,11.3,18.2,62.5,15.8,8.16,422.3,26.9,426.8,527.5,80.9,7763.1,2601.3,184.5,208.1,88.7,174.4,200.0,87.2,53.3,87.4,61.0,-0.08,9.68,29.3,7.26,1.97,27.3
38.0,1.32,0.16,0.08,0.05,0.05,1.38,0.29,0.12,0.12,8.55,20.9,40.9,21.4,2.58,62.1,43.3,8.61,88.1,56.7,16.6,0.55,3.3,1.11,1.11,15.0,38,418,1.03,0.71,0.97,0.05,0.08,2.66,0.03,1.74,1.68,1.08,1.02,0.76,1.78,1.85,11.2,3.05,27.2,11.21,3.05,0.09,0.32,18.3,0.09,-0.06,-0.05,18.4,18.45,12.1,2.45,1.0,1.24,1.53,0.16,1.55,1.55,0.95,0.21,0.08,0.16,0.13,0.03,1.32,4.39,3.13,73.7,0.34,0.29,0.37,0.21,21.1,0.16,0.0,0.0,17.0,10.2,9.26,6.0,1.74,6.68,15.7,42.7,8.97,11.0,3.08,7.95,10.3,27.3,28.1,0.34,90,100,85,,2.97,17,4.03,1.32,1.03,1.32,-0.29,-0.29,1.08,1.4,-0.32,-0.32,42.7,483.9,57.5,167.9,216.9,105.1,15.9,483.8,7.26,12.9,56.4,15.4,8.97,249.6,21.0,253.4,370.0,68.5,4895.7,2222.0,109.3,134.9,81.1,96.9,126.8,76.4,39.8,85.1,46.8,-0.05,7.84,21.9,5.89,3.08,21.5
38.0,1.18,0.13,0.0,0.16,0.0,1.13,0.32,-0.06,-0.06,9.42,21.7,43.4,23.7,3.24,64.9,45.4,6.95,90.9,62.7,13.4,0.58,4.3,0.95,0.95,16.3,38,418,1.03,0.68,0.89,0.13,0.18,3.11,0.11,1.71,1.58,1.14,0.99,0.81,1.8,1.95,10.0,3.47,34.7,10.0,3.47,0.09,0.26,17.1,0.1,-0.12,-0.1,18.3,18.29,12.6,2.03,1.11,1.11,1.18,0.24,1.84,1.84,1.29,0.13,0.08,0.16,0.18,0.0,1.18,3.16,1.97,66.7,0.34,0.37,0.29,0.26,26.3,0.13,0.0,0.0,16.9,10.1,8.18,6.45,2.29,6.45,17.0,37.9,10.6,10.9,2.45,8.45,11.9,28.8,21.4,0.18,90,100,85,,2.97,19,4.03,1.39,1.08,1.18,-0.11,-0.11,1.14,1.2,-0.06,-0.06,50.0,564.7,51.0,164.8,267.6,138.2,18.3,564.6,7.58,14.3,53.1,13.7,9.05,342.3,25.8,347.2,462.7,75.0,6363.5,2505.7,158.2,185.2,85.5,133.0,162.8,81.7,43.7,84.1,52.0,-0.12,7.87,28.1,7.58,2.26,26.5
38.0,0.76,0.13,0.0,0.11,0.05,1.11,0.28,0.4,0.4,5.79,15.7,36.9,15.3,2.74,56.6,40.8,7.95,88.1,57.2,14.6,0.58,4.0,0.42,0.42,12.0,38,418,1.39,0.95,1.32,0.08,0.11,2.63,0.13,2.34,2.26,1.24,1.16,0.93,2.09,2.17,11.6,4.08,35.2,11.58,4.08,0.11,0.32,18.3,0.1,0.15,0.16,20.7,20.74,15.0,1.97,1.05,1.05,1.39,0.29,2.34,2.34,1.66,0.08,0.11,0.29,0.18,0.03,0.76,3.58,2.87,82.4,0.58,0.26,0.16,0.53,52.6,0.13,0.0,0.0,20.6,12.8,10.6,7.84,2.21,8.39,18.4,45.6,10.0,9.84,2.47,7.37,12.2,32.8,22.0,0.32,90,100,83,,2.76,26,4.21,2.0,1.45,0.76,0.68,0.68,1.24,1.1,0.14,0.14,49.2,606.7,51.2,167.8,283.4,161.0,19.9,606.6,9.63,15.1,64.0,13.1,10.8,388.7,26.8,393.2,500.4,78.6,6422.9,2348.0,202.0,227.6,88.8,130.5,159.5,81.8,39.3,73.9,53.2,0.02,9.21,29.7,7.58,1.24,27.4
38.0,0.95,0.05,0.0,0.05,0.03,1.06,0.3,0.14,0.14,3.29,6.42,51.2,25.5,5.55,15.7,27.2,5.89,41.1,37.8,11.6,0.21,1.8,1.0,1.0,16.2,38,418,2.32,1.61,2.11,0.21,0.24,2.0,0.05,3.92,3.71,1.99,1.81,1.47,3.28,3.46,14.5,6.37,43.9,14.5,6.37,0.15,0.33,18.0,0.13,0.32,0.3,26.3,26.29,20.1,1.11,2.0,1.11,1.74,0.24,4.16,4.16,2.97,0.18,0.34,0.26,0.39,0.0,0.95,3.42,2.5,73.8,0.68,0.24,0.08,0.45,44.7,0.05,0.0,0.0,14.1,9.11,5.74,6.11,2.29,5.95,12.9,45.9,7.0,9.47,2.66,6.82,10.3,24.4,14.9,0.42,90,100,84,,2.95,21,4.05,2.29,2.37,0.95,1.42,1.42,1.99,1.19,0.8,0.8,64.4,797.7,58.0,193.1,391.2,219.7,27.3,797.5,11.7,19.8,59.2,12.0,11.4,607.4,39.8,612.2,702.4,87.2,10188.1,3199.8,301.0,326.7,92.1,236.5,262.6,90.1,55.2,75.7,72.9,0.14,10.7,47.6,11.5,0.97,40.5
38.0,1.37,0.11,0.05,0.21,0.0,1.36,0.31,-0.01,-0.01,3.37,8.87,38.0,30.3,5.13,20.3,27.0,7.26,37.3,36.8,12.3,0.66,5.4,1.53,1.53,16.4,38,418,1.13,0.79,1.0,0.13,0.18,2.34,0.03,1.92,1.79,1.24,1.09,0.87,1.96,2.1,11.5,4.11,35.8,11.47,4.11,0.09,0.24,18.6,0.1,-0.11,-0.09,20.6,20.58,15.4,1.24,1.5,0.63,1.45,0.37,2.0,2.0,1.5,0.0,0.16,0.13,0.18,0.03,1.37,4.08,2.68,69.0,0.37,0.21,0.42,0.29,28.9,0.13,0.03,0.0,16.2,9.95,8.13,5.97,2.08,5.76,14.3,40.3,8.55,10.1,2.11,7.95,9.5,25.7,18.5,0.55,90,100,84,,2.97,21,4.03,1.32,1.16,1.37,-0.21,-0.21,1.24,1.3,-0.06,-0.06,61.8,702.1,62.3,204.5,333.9,169.9,21.4,701.9,11.8,18.9,62.6,15.0,10.3,505.7,28.3,510.8,601.9,84.9,8709.7,2799.8,238.8,261.6,91.3,208.9,232.8,89.7,46.3,74.1,62.6,-0.08,8.58,33.7,8.0,1.61,28.7
38.0,1.63,0.16,0.11,0.13,0.03,1.57,0.32,-0.03,-0.03,6.76,17.6,38.4,24.3,4.24,44.3,37.4,9.16,74.4,55.1,15.3,0.53,3.4,0.97,0.97,14.7,38,418,1.37,0.97,1.18,0.18,0.18,2.08,0.16,2.34,2.16,1.22,1.08,0.88,1.97,2.11,11.7,4.0,34.2,11.71,4.0,0.1,0.3,18.0,0.09,0.14,0.1,21.4,21.39,15.5,1.47,1.66,1.16,1.45,0.18,2.34,2.34,1.74,0.08,0.13,0.18,0.21,0.0,1.63,4.39,2.79,66.5,0.26,0.29,0.45,0.21,21.1,0.18,0.0,0.03,16.7,9.92,9.58,5.61,1.5,6.79,14.8,45.9,8.0,10.0,2.76,7.24,10.1,26.7,23.4,0.5,90,100,85,,2.89,18,4.11,1.08,1.39,1.63,-0.24,-0.24,1.22,1.6,-0.38,-0.38,51.6,600.0,60.9,190.9,285.7,129.4,17.4,599.8,10.0,16.5,60.7,13.1,9.76,390.2,23.1,393.6,494.9,79.5,7062.6,2496.3,173.7,196.0,88.6,161.9,189.1,85.6,44.6,80.1,55.7,0.09,9.03,25.2,6.45,1.76,23.6
38.0,1.32,0.08,0.05,0.08,0.03,1.16,0.31,-0.13,-0.13,8.55,22.5,38.0,24.0,2.84,69.4,48.1,6.18,94.5,66.5,10.6,0.53,5.0,2.21,2.21,18.4,38,418,1.21,0.68,1.03,0.18,0.21,2.13,0.05,1.89,1.71,1.44,1.28,0.97,2.24,2.41,13.8,3.87,28.1,13.79,3.87,0.07,0.27,17.4,0.1,-0.23,-0.25,24.6,24.58,16.8,2.92,1.5,1.26,1.63,0.45,1.92,1.92,1.18,0.18,0.08,0.21,0.18,0.08,1.32,3.47,2.16,64.4,0.29,0.37,0.34,0.24,23.7,0.11,0.03,0.0,16.8,11.2,6.26,7.61,2.89,6.32,14.8,42.6,8.5,9.39,1.39,8.0,9.68,26.4,18.0,0.26,90,100,85,,2.92,19,4.05,1.24,1.21,1.32,-0.11,-0.11,1.44,1.21,0.24,0.24,54.0,589.7,42.5,132.0,282.3,181.9,23.8,589.5,9.05,15.6,58.1,15.2,10.2,334.8,29.4,341.5,486.9,70.1,6785.0,2572.1,137.0,168.3,81.4,135.7,172.9,78.5,57.3,112.8,50.9,-0.28,9.84,35.8,9.29,4.0,30.3
38.0,1.32,0.16,0.13,0.18,0.05,1.36,0.27,0.1,0.1,5.95,14.8,40.2,22.8,3.5,39.9,35.4,8.76,64.9,47.6,17.7,0.63,3.6,0.5,0.5,12.3,38,418,1.13,0.68,1.03,0.11,0.11,2.37,0.05,1.82,1.71,1.29,1.21,0.89,2.09,2.18,12.4,4.05,32.8,12.37,4.05,0.08,0.25,19.0,0.1,-0.16,-0.18,21.1,21.13,15.4,1.53,1.03,1.58,1.0,0.55,1.74,1.74,1.11,0.11,0.05,0.32,0.08,0.08,1.32,4.39,3.08,73.7,0.37,0.29,0.34,0.26,26.3,0.21,0.05,0.0,17.2,10.4,8.53,6.42,2.29,6.92,18.0,38.5,11.1,10.6,3.53,7.05,10.7,28.0,25.0,0.37,90,100,85,,3.0,18,4.0,1.39,1.26,1.32,-0.05,-0.05,1.29,1.42,-0.13,-0.13,49.4,574.1,66.2,200.1,253.6,127.6,17.8,574.0,8.37,13.8,60.8,14.9,9.84,360.3,29.5,364.6,466.8,78.1,6787.2,2539.9,154.9,177.8,87.2,154.0,183.7,83.9,46.9,80.1,58.6,-0.21,8.74,27.9,8.05,1.58,30.1
38.0,0.92,0.11,0.03,0.05,0.05,1.06,0.26,0.19,0.19,9.39,25.2,37.2,21.8,1.37,83.5,51.7,7.39,95.0,59.3,12.5,0.53,4.2,1.0,1.0,13.8,38,418,1.24,0.89,1.08,0.16,0.16,2.82,0.18,2.13,1.97,1.22,1.09,0.87,1.96,2.08,10.4,3.21,30.9,10.39,3.21,0.1,0.34,17.1,0.11,0.02,-0.02,17.7,17.68,11.3,2.37,1.29,0.95,1.47,0.34,2.05,2.05,1.21,0.18,0.29,0.13,0.21,0.03,0.92,3.53,2.61,76.9,0.39,0.37,0.24,0.34,34.2,0.16,0.03,0.03,15.9,9.42,6.47,7.39,2.03,6.71,16.2,41.3,9.53,11.1,2.13,8.97,11.9,27.8,23.4,0.39,90,100,85,,3.0,18,4.0,1.55,1.26,0.92,0.34,0.34,1.22,1.15,0.07,0.07,40.7,454.2,47.8,135.9,202.5,121.6,18.1,454.0,7.87,15.2,51.9,15.5,9.63,208.9,22.1,213.4,342.7,62.3,4377.8,2094.0,86.3,113.3,76.2,79.7,114.1,69.8,39.6,88.8,44.6,0.03,7.74,22.2,7.16,2.26,22.7
38.0,1.39,0.21,0.05,0.16,0.05,1.61,0.27,0.26,0.26,5.87,15.2,38.6,23.6,4.66,40.5,37.1,8.63,65.5,48.4,14.6,0.5,3.4,0.71,0.71,14.1,38,418,0.97,0.61,0.82,0.16,0.16,2.13,0.11,1.58,1.42,1.14,1.03,0.77,1.81,1.91,10.3,3.61,34.9,10.32,3.61,0.08,0.23,18.3,0.1,-0.17,-0.22,18.2,18.21,12.2,2.21,1.03,1.03,1.63,0.16,1.66,1.66,1.03,0.16,0.05,0.24,0.18,0.0,1.39,5.42,4.05,78.2,0.24,0.24,0.5,0.24,23.7,0.21,0.0,0.0,16.1,9.66,8.13,6.5,1.5,6.95,16.7,41.5,9.79,10.6,3.26,7.29,11.4,27.5,24.4,0.37,90,100,85,,2.97,19,4.03,0.97,0.97,1.39,-0.42,-0.42,1.14,1.39,-0.24,-0.24,48.0,560.6,64.2,199.1,258.1,109.9,16.6,560.5,8.32,14.1,58.8,13.2,9.74,341.4,24.9,345.7,452.9,76.3,6589.7,2495.6,138.9,160.9,86.3,150.6,181.1,83.1,47.1,87.5,53.9,-0.17,7.37,22.9,6.74,2.42,25.6
38.0,1.71,0.24,0.05,0.03,0.08,1.62,0.31,-0.01,-0.01,8.74,22.4,39.0,20.6,1.97,71.9,48.0,8.16,93.2,61.9,13.8,0.18,1.3,0.32,0.32,11.4,38,418,1.13,0.74,0.97,0.16,0.18,2.97,0.08,1.87,1.71,1.34,1.19,0.91,2.11,2.25,12.2,3.66,30.0,12.18,3.66,0.08,0.27,17.9,0.1,-0.21,-0.22,21.4,21.39,14.3,2.45,1.18,1.47,1.42,0.55,2.0,2.0,1.11,0.26,0.11,0.26,0.26,0.0,1.71,4.58,2.95,67.8,0.18,0.32,0.5,0.16,15.8,0.24,0.0,0.0,18.7,11.9,9.55,7.63,1.55,7.97,18.3,43.7,10.3,10.9,2.82,8.08,11.6,30.3,25.1,0.32,90,100,84,,2.92,23,4.08,0.87,1.13,1.71,-0.58,-0.58,1.34,1.58,-0.25,-0.25,44.5,505.5,55.7,166.1,226.6,119.0,18.9,505.3,8.26,15.6,53.0,14.7,9.37,273.9,22.5,278.6,391.9,71.1,5291.2,2254.5,122.1,146.4,83.4,104.6,135.6,77.2,41.4,83.1,49.9,-0.17,8.84,23.0,7.16,2.92,22.9
38.0,1.13,0.08,0.05,0.08,0.03,1.14,0.3,0.03,0.03,9.05,21.9,41.2,23.5,2.95,63.0,45.8,8.08,88.3,60.3,15.4,0.74,4.8,0.79,0.79,13.5,38,418,0.95,0.66,0.87,0.08,0.13,2.74,0.11,1.61,1.53,1.07,0.97,0.74,1.71,1.81,10.9,3.37,30.9,10.89,3.37,0.08,0.26,17.6,0.09,-0.12,-0.1,18.6,18.61,12.9,2.26,0.95,0.89,1.18,0.39,1.61,1.61,1.11,0.21,0.08,0.13,0.08,0.0,1.13,3.53,2.39,70.1,0.29,0.29,0.39,0.29,28.9,0.11,0.03,0.0,16.0,10.1,8.55,5.82,1.66,5.97,15.3,39.1,9.32,8.66,2.21,6.45,11.4,27.4,23.9,0.26,90,100,85,,2.95,17,4.05,1.18,0.97,1.13,-0.16,-0.16,1.07,1.08,-0.02,-0.02,43.1,502.6,52.3,162.5,228.7,117.2,16.4,502.4,6.66,12.3,53.9,12.5,8.0,278.9,20.2,282.4,400.3,70.6,5553.2,2292.0,122.0,147.2,82.9,110.2,142.3,77.4,45.4,91.7,49.5,-0.08,8.05,24.6,6.16,3.18,20.7
38.0,1.74,0.21,0.03,0.16,0.05,1.81,0.27,0.13,0.13,5.45,15.2,35.9,17.4,4.84,48.3,39.9,10.3,66.0,47.9,15.7,0.5,3.2,0.82,0.82,12.9,38,418,1.47,1.03,1.34,0.13,0.18,2.82,0.18,2.5,2.37,1.42,1.27,1.01,2.29,2.43,11.4,4.05,35.4,11.45,4.05,0.12,0.33,18.8,0.11,0.06,0.07,20.0,20.03,13.5,1.76,1.61,1.05,1.68,0.39,2.58,2.58,1.66,0.26,0.26,0.18,0.21,0.0,1.74,5.95,4.24,74.3,0.29,0.29,0.42,0.18,18.4,0.24,0.03,0.0,15.1,9.79,8.11,5.16,1.79,6.95,19.0,36.6,12.1,12.0,3.97,8.0,11.1,26.2,22.2,0.32,90,100,84,,2.97,20,4.0,1.16,1.55,1.74,-0.18,-0.18,1.42,2.01,-0.59,-0.59,45.7,495.8,59.9,167.0,218.1,117.7,17.9,495.6,10.6,19.4,54.5,14.1,11.3,281.0,24.4,284.8,388.6,73.3,5192.5,2179.9,128.4,150.5,85.3,106.9,132.9,80.5,38.4,77.0,49.8,0.01,8.08,24.5,6.58,1.66,25.0
38.0,1.84,0.18,0.0,0.26,0.03,1.73,0.3,-0.08,-0.08,6.32,15.3,41.3,23.3,5.18,44.2,37.4,8.05,61.8,46.5,15.1,0.34,2.3,0.92,0.92,14.9,38,418,1.05,0.63,0.92,0.13,0.13,2.66,0.21,1.68,1.55,1.28,1.18,0.87,2.04,2.15,11.9,3.79,31.8,11.92,3.79,0.08,0.24,19.3,0.1,-0.23,-0.26,20.8,20.82,14.1,2.11,1.71,1.32,1.11,0.45,1.76,1.76,1.18,0.05,0.16,0.21,0.16,0.0,1.84,4.79,2.87,65.4,0.21,0.21,0.58,0.18,18.4,0.29,0.11,0.0,17.1,11.1,9.71,5.87,1.55,6.76,15.6,43.4,8.82,10.2,2.03,8.18,11.4,28.5,24.5,0.42,90,100,84,,2.92,20,4.08,0.84,1.08,1.84,-0.76,-0.76,1.28,1.58,-0.3,-0.3,48.7,543.8,61.9,188.4,243.9,119.1,16.2,543.6,14.1,22.3,63.0,16.9,13.0,324.1,23.4,328.1,429.1,76.5,5954.1,2297.1,148.9,170.9,87.1,127.4,154.1,82.7,40.4,77.5,52.1,-0.24,8.79,23.8,5.89,2.11,23.9
38.0,1.21,0.16,0.0,0.16,0.0,1.26,0.31,0.05,0.05,3.32,9.55,34.7,24.3,6.13,27.1,31.9,6.74,44.1,42.5,10.5,0.68,6.5,1.0,1.0,15.8,38,418,1.61,1.03,1.37,0.24,0.24,2.08,0.16,2.63,2.39,1.76,1.58,1.31,2.9,3.07,15.4,5.34,34.7,15.39,5.34,0.09,0.26,17.7,0.11,-0.15,-0.22,28.1,28.13,20.8,2.13,1.84,1.74,1.29,0.32,2.71,2.71,1.74,0.16,0.18,0.34,0.26,0.03,1.21,3.63,2.39,71.0,0.55,0.13,0.32,0.32,31.6,0.21,0.03,0.03,16.5,10.4,7.03,6.66,2.79,6.45,16.6,39.0,10.1,9.84,2.05,7.79,9.82,26.3,15.8,0.29,90,100,84,,2.95,21,4.05,1.79,1.66,1.21,0.45,0.45,1.76,1.24,0.52,0.52,60.1,735.9,53.9,194.7,352.0,195.9,28.1,735.7,12.1,19.9,60.8,13.0,9.37,538.4,35.0,542.8,636.8,85.2,9616.3,3097.6,262.4,286.6,91.6,203.8,227.8,89.5,64.9,92.7,70.0,-0.29,12.2,42.8,10.2,2.29,35.4
38.0,1.21,0.05,0.03,0.29,0.05,1.05,0.27,-0.11,-0.11,5.74,14.6,39.2,30.4,3.74,31.2,32.4,7.76,66.1,47.7,15.5,0.74,4.7,1.37,1.37,15.5,38,418,1.16,0.71,0.95,0.21,0.26,2.11,0.11,1.87,1.66,1.31,1.11,0.87,1.98,2.18,11.0,3.5,31.8,11.0,3.5,0.09,0.27,18.5,0.1,-0.15,-0.16,19.8,19.84,13.7,1.89,1.39,1.08,1.24,0.5,1.95,1.95,1.21,0.18,0.13,0.13,0.24,0.05,1.21,3.74,2.55,69.0,0.34,0.29,0.37,0.24,23.7,0.08,0.03,0.0,15.2,9.05,7.87,5.76,1.61,6.53,15.4,42.5,8.84,11.7,2.87,8.82,11.2,26.4,22.2,0.5,90,100,84,,2.89,20,4.11,1.32,1.18,1.21,-0.03,-0.03,1.31,1.28,0.03,0.03,51.7,595.4,65.1,201.3,279.8,120.8,17.2,595.2,10.8,17.9,60.5,15.0,12.3,378.3,24.5,383.3,488.1,78.5,7055.1,2488.2,162.5,185.9,87.4,165.8,194.0,85.5,45.5,80.6,56.5,-0.16,8.32,26.7,6.63,2.34,25.0
38.0,1.24,0.16,0.05,0.11,0.0,1.32,0.28,0.09,0.09,5.03,16.6,30.3,23.0,5.68,45.8,38.1,7.74,77.9,55.3,14.2,0.79,5.6,0.79,0.79,14.1,38,418,1.58,1.24,1.45,0.13,0.16,3.0,0.16,2.82,2.68,1.75,1.63,1.3,2.92,3.05,13.8,4.39,31.9,13.79,4.39,0.1,0.33,17.2,0.12,-0.17,-0.18,24.6,24.55,19.4,1.55,1.16,1.13,0.92,0.34,2.89,2.89,2.32,0.08,0.16,0.21,0.13,0.0,1.24,4.11,2.84,73.7,0.42,0.21,0.34,0.26,26.3,0.18,0.03,0.0,15.7,10.7,7.58,6.24,1.92,5.34,13.5,39.6,8.16,9.74,3.0,6.74,9.61,25.3,21.5,0.39,90,100,84,,2.92,22,4.08,1.55,1.63,1.24,0.39,0.39,1.75,1.19,0.56,0.56,52.3,598.8,57.1,188.9,261.0,155.6,24.8,598.7,9.39,15.9,58.9,12.8,10.3,378.1,33.4,383.0,494.9,77.4,6948.9,2618.4,173.5,197.7,87.8,153.1,182.4,83.9,46.1,85.0,54.2,-0.06,10.3,30.7,10.3,2.71,34.1
38.0,0.92,0.18,0.05,0.16,0.05,1.12,0.23,0.25,0.25,4.89,14.4,33.9,16.7,4.63,46.6,39.0,8.03,82.6,57.1,16.3,0.37,2.3,0.47,0.47,12.5,38,418,1.32,1.0,1.18,0.13,0.18,2.32,0.08,2.32,2.18,1.6,1.45,1.23,2.68,2.83,12.4,4.13,33.4,12.37,4.13,0.1,0.29,17.3,0.12,-0.28,-0.27,22.5,22.5,16.9,1.95,1.11,1.16,1.11,0.29,2.42,2.42,1.79,0.18,0.11,0.11,0.21,0.03,0.92,4.0,3.11,81.6,0.39,0.42,0.18,0.34,34.2,0.21,0.03,0.0,15.7,10.1,7.87,6.0,1.87,6.26,15.5,40.5,9.21,11.8,3.16,8.61,11.0,26.7,22.6,0.32,90,100,84,,2.84,23,4.16,1.61,1.34,0.92,0.42,0.42,1.6,1.13,0.47,0.47,47.1,567.9,55.6,176.3,258.6,139.5,21.6,567.7,9.03,15.5,58.2,13.2,8.87,355.1,29.9,360.0,464.2,77.5,6598.2,2502.7,159.1,183.1,86.9,144.8,173.3,83.6,45.6,80.7,56.5,-0.23,9.71,31.2,8.55,2.34,30.5
38.0,1.34,0.16,0.03,0.21,0.03,1.4,0.29,0.08,0.08,7.08,22.2,31.9,23.7,4.53,59.1,42.8,9.13,89.3,60.6,16.2,0.53,3.3,0.37,0.37,11.5,38,418,0.82,0.5,0.71,0.11,0.18,2.42,0.0,1.32,1.21,1.08,0.94,0.7,1.64,1.78,10.7,3.29,30.8,10.68,3.29,0.07,0.22,19.5,0.09,-0.27,-0.23,19.5,19.53,13.8,1.84,1.34,0.97,1.29,0.29,1.39,1.39,0.84,0.13,0.11,0.11,0.21,0.0,1.34,4.08,2.68,71.0,0.26,0.29,0.45,0.24,23.7,0.24,0.08,0.0,18.8,11.6,9.71,6.97,2.11,7.37,17.8,41.3,10.5,10.9,2.97,7.89,10.2,29.0,23.0,0.42,90,100,85,,2.97,18,4.0,1.08,0.84,1.34,-0.5,-0.5,1.08,1.54,-0.46,-0.46,46.8,534.9,60.6,182.3,236.7,121.5,15.5,534.8,7.74,12.6,61.6,13.3,9.13,312.6,22.9,316.2,428.4,73.8,5993.0,2261.7,135.7,157.6,86.1,128.2,155.3,82.6,43.8,90.1,48.6,-0.2,7.71,25.8,5.08,1.92,23.1
38.0,1.37,0.08,0.05,0.13,0.08,1.47,0.28,0.18,0.18,5.97,14.0,42.7,18.6,4.05,45.9,38.9,7.97,68.3,50.6,17.8,0.61,3.4,0.95,0.95,12.6,38,418,1.24,0.89,1.16,0.08,0.16,3.03,0.08,2.13,2.05,1.42,1.32,1.03,2.34,2.45,12.8,4.45,34.6,12.84,4.45,0.09,0.26,17.3,0.1,-0.18,-0.16,22.9,22.92,16.8,1.95,1.61,1.34,0.76,0.45,2.03,2.03,1.18,0.18,0.26,0.29,0.08,0.03,1.37,4.87,3.55,73.5,0.26,0.37,0.37,0.29,28.9,0.13,0.03,0.03,17.6,10.9,8.76,6.71,2.08,7.18,17.3,41.4,10.2,10.7,3.74,6.95,10.3,27.8,23.1,0.32,90,100,85,,2.97,19,4.0,1.16,1.29,1.37,-0.08,-0.08,1.42,1.45,-0.03,-0.03,48.3,572.1,58.1,178.4,263.7,136.3,21.1,572.0,9.16,15.9,57.7,13.2,8.95,357.9,30.7,362.1,464.4,78.0,6802.3,2591.5,156.5,179.8,87.0,149.9,177.9,84.3,48.1,82.7,58.2,-0.13,9.58,31.7,7.74,1.76,31.0
38.0,1.32,0.18,0.05,0.18,0.05,1.3,0.25,0.04,0.04,8.68,20.7,42.0,18.6,2.71,65.5,43.5,9.47,89.4,56.7,17.3,0.45,2.6,0.5,0.5,12.4,38,418,1.05,0.82,1.03,0.03,0.08,2.76,0.11,1.87,1.84,1.01,0.95,0.73,1.68,1.74,10.2,3.53,34.4,10.24,3.53,0.1,0.29,19.3,0.1,0.04,0.08,17.4,17.45,11.5,1.84,1.29,0.82,1.61,0.39,1.87,1.87,1.37,0.11,0.18,0.11,0.11,0.0,1.32,4.53,3.21,75.0,0.39,0.05,0.53,0.32,31.6,0.26,0.05,0.03,18.5,12.2,9.58,6.97,1.92,7.03,17.4,40.3,10.4,10.7,3.5,7.21,13.1,31.6,25.8,0.29,90,100,85,7.97,2.92,20,4.05,1.24,1.05,1.32,-0.26,-0.26,1.01,1.47,-0.46,-0.46,40.3,472.7,58.2,167.1,210.9,101.2,14.7,472.6,8.68,15.2,57.2,14.1,10.6,250.9,19.6,255.2,365.2,69.9,4815.8,2150.5,114.7,139.8,82.0,93.8,122.8,76.4,38.5,79.5,48.4,0.09,7.29,22.0,4.63,1.63,20.2
38.0,1.29,0.08,0.08,0.13,0.08,1.37,0.28,0.16,0.16,10.7,22.1,48.5,28.1,3.68,57.6,42.5,7.13,83.4,58.8,13.8,0.76,5.5,0.82,0.82,13.6,38,418,1.03,0.66,0.87,0.16,0.21,2.45,0.0,1.68,1.53,1.31,1.15,0.89,2.04,2.19,11.1,3.74,33.7,11.08,3.74,0.08,0.23,16.7,0.11,-0.28,-0.28,19.5,19.47,13.2,2.5,0.95,1.08,1.37,0.42,1.79,1.79,1.18,0.11,0.05,0.26,0.18,0.0,1.29,4.37,3.08,72.3,0.26,0.34,0.39,0.29,28.9,0.16,0.08,0.0,19.4,12.8,9.45,8.0,2.0,7.79,19.3,40.3,11.6,11.4,2.71,8.66,12.2,31.7,21.6,0.24,90,100,85,8.21,2.79,22,4.21,1.13,1.08,1.29,-0.21,-0.21,1.31,1.32,-0.02,-0.02,49.6,568.1,56.5,168.7,270.2,136.7,19.7,567.8,9.21,16.1,57.3,13.2,10.8,342.9,26.5,347.2,463.5,74.9,6924.0,2643.7,140.4,167.4,83.9,141.5,173.2,81.7,57.5,98.6,58.3,-0.23,8.0,31.9,7.68,2.74,26.9
38.0,0.58,0.03,0.03,0.05,0.03,0.87,0.23,0.32,0.32,5.11,15.3,33.4,16.9,2.87,55.5,42.5,7.42,79.8,53.9,14.5,0.68,4.7,0.37,0.37,12.0,38,418,1.5,1.08,1.39,0.11,0.13,2.45,0.13,2.58,2.47,1.32,1.22,0.96,2.18,2.28,10.6,3.87,36.7,10.55,3.87,0.13,0.36,18.5,0.12,0.18,0.18,18.4,18.45,12.4,1.92,1.71,0.76,1.18,0.45,2.74,2.74,1.84,0.05,0.37,0.18,0.18,0.11,0.58,3.39,2.76,83.7,0.61,0.26,0.13,0.61,60.5,0.11,0.08,0.0,24.1,16.2,11.6,9.79,2.71,9.92,22.3,44.5,12.4,12.2,3.39,8.76,13.5,37.6,23.3,0.11,90,100,83,8.0,2.89,24,4.11,2.08,1.53,0.58,0.95,0.95,1.32,0.94,0.38,0.38,47.5,603.1,55.9,185.4,281.1,143.2,19.3,603.0,11.2,18.2,61.5,14.4,11.8,378.3,28.3,381.2,488.9,78.0,6500.9,2477.5,190.5,217.1,87.7,131.7,158.7,82.9,43.2,80.3,53.7,0.12,7.76,30.7,6.82,0.89,28.7
38.0,0.76,0.05,0.0,0.03,0.0,0.97,0.26,0.21,0.21,3.42,8.16,41.9,27.9,5.18,17.6,27.5,7.16,45.2,41.3,10.8,0.39,3.6,1.08,1.08,15.0,38,418,2.53,1.95,2.45,0.08,0.13,1.76,0.05,4.47,4.39,2.2,2.11,1.7,3.81,3.9,15.1,6.95,45.9,15.13,6.95,0.16,0.35,17.0,0.15,0.33,0.34,27.2,27.24,19.6,1.18,2.63,1.5,1.84,0.53,4.47,4.47,3.21,0.13,0.45,0.37,0.24,0.08,0.76,3.5,2.74,79.7,0.74,0.24,0.03,0.5,50.0,0.05,0.0,0.0,16.6,10.9,7.39,6.89,2.26,6.03,14.5,41.5,8.5,9.63,2.71,6.92,11.2,27.7,13.8,0.26,90,100,84,8.03,2.92,21,4.08,2.45,2.61,0.76,1.84,1.84,2.2,1.1,1.09,1.09,62.8,769.4,59.2,194.1,372.5,209.9,31.9,769.3,16.3,25.6,63.6,12.8,12.2,577.8,40.9,582.8,677.4,86.0,9575.2,3193.8,291.4,317.9,91.7,211.1,235.9,89.5,56.1,79.3,70.8,0.25,11.0,45.5,12.5,0.79,41.6
38.0,1.61,0.08,0.0,0.18,0.11,1.27,0.29,-0.23,-0.24,5.24,15.2,34.5,32.6,4.29,32.4,32.3,8.21,56.4,43.3,15.4,0.66,4.3,0.76,0.76,14.0,38,418,1.47,1.13,1.42,0.05,0.08,2.37,0.08,2.61,2.55,1.21,1.15,0.93,2.08,2.14,10.9,4.21,38.6,10.92,4.21,0.13,0.34,19.5,0.11,0.26,0.27,19.0,19.0,14.4,1.16,1.61,0.58,0.82,0.39,2.45,2.45,1.89,0.13,0.16,0.13,0.11,0.03,1.61,4.11,2.58,62.8,0.47,0.13,0.37,0.34,34.2,0.11,0.03,0.0,16.7,11.2,8.39,6.63,1.68,5.61,14.1,39.7,8.53,9.37,2.5,6.87,11.2,27.9,22.9,0.45,90,100,84,7.95,2.97,21,4.03,1.58,1.58,1.61,-0.03,-0.03,1.21,1.29,-0.08,-0.08,56.9,667.4,66.5,212.0,327.7,134.2,15.1,667.4,11.6,17.9,64.5,13.7,10.0,467.4,26.9,472.4,569.0,83.0,8365.6,2753.8,217.5,240.5,90.4,194.2,220.9,87.9,50.4,83.2,60.6,0.21,8.34,32.3,6.16,1.68,27.2
38.0,1.58,0.11,0.0,0.21,0.03,1.3,0.29,-0.25,-0.25,6.5,18.4,35.3,30.4,3.26,43.4,37.7,7.37,71.1,53.1,14.2,0.37,2.6,1.0,1.0,14.0,38,418,1.5,1.18,1.45,0.05,0.08,2.24,0.03,2.68,2.63,1.45,1.38,1.13,2.52,2.58,11.7,4.13,35.4,11.68,4.13,0.12,0.35,17.9,0.12,0.05,0.06,21.1,21.11,15.2,1.47,1.29,1.05,1.47,0.58,2.71,2.71,1.82,0.16,0.21,0.21,0.18,0.13,1.58,4.24,2.68,65.2,0.32,0.26,0.39,0.18,18.4,0.13,0.0,0.03,15.5,11.1,8.0,6.11,1.39,5.74,14.6,39.2,8.89,8.61,2.66,5.95,13.1,28.6,20.5,0.26,90,100,85,8.11,2.87,19,4.13,1.29,1.55,1.58,-0.03,-0.03,1.45,1.46,-0.01,-0.01,55.7,649.3,64.8,211.3,312.4,132.2,18.4,649.2,9.89,15.9,62.4,13.2,11.3,441.8,30.0,446.9,554.5,80.6,8292.2,2861.8,190.7,216.5,88.1,190.7,218.3,87.4,55.5,94.1,59.0,0.05,8.74,32.6,8.13,2.29,30.7
38.0,1.32,0.11,0.05,0.08,0.08,1.26,0.34,0.02,0.02,9.45,25.2,37.5,26.1,2.53,73.5,49.3,6.29,95.4,69.5,9.97,0.61,6.1,2.63,2.63,18.9,38,418,1.13,0.82,1.08,0.05,0.08,2.21,0.08,1.95,1.89,1.08,1.02,0.79,1.81,1.87,12.3,3.45,28.1,12.29,3.45,0.09,0.31,18.6,0.08,0.06,0.06,21.2,21.24,14.1,2.79,1.21,0.87,1.84,0.39,1.89,1.89,1.32,0.24,0.03,0.18,0.11,0.03,1.32,3.53,2.29,65.7,0.37,0.24,0.39,0.29,28.9,0.11,0.0,0.0,16.9,11.5,7.13,7.42,2.37,6.79,16.1,42.1,9.34,9.18,1.39,7.79,14.6,31.5,18.7,0.24,90,100,84,7.97,2.97,20,4.03,1.34,1.16,1.32,-0.16,-0.16,1.08,1.17,-0.09,-0.09,52.0,574.1,43.6,140.8,279.8,160.1,18.6,574.0,9.26,17.1,54.2,16.3,9.84,329.6,25.6,334.9,472.7,70.8,6854.4,2594.5,133.9,163.7,81.8,129.9,165.8,78.4,62.1,117.7,52.7,0.02,8.76,33.9,6.76,3.63,26.1
38.0,1.11,0.11,0.03,0.13,0.05,1.24,0.26,0.19,0.19,6.24,17.7,35.2,19.9,4.53,52.1,41.1,8.66,84.8,57.2,14.9,0.82,5.5,0.63,0.63,12.8,38,418,0.87,0.63,0.82,0.05,0.08,2.29,0.03,1.5,1.45,1.08,1.02,0.73,1.75,1.81,10.8,3.37,31.2,10.79,3.37,0.08,0.24,18.7,0.1,-0.21,-0.2,19.0,19.0,13.3,1.84,1.11,0.97,1.29,0.53,1.58,1.58,1.05,0.11,0.11,0.05,0.16,0.11,1.11,4.32,3.21,76.8,0.32,0.32,0.34,0.32,31.6,0.16,0.05,0.0,18.8,13.2,9.39,7.32,2.13,7.13,18.4,38.7,11.3,9.53,3.05,6.47,13.6,32.4,23.7,0.24,90,100,84,8.21,2.76,25,4.24,1.29,0.95,1.11,-0.16,-0.16,1.08,1.38,-0.29,-0.29,46.9,557.1,57.0,187.9,258.4,116.1,15.3,557.0,8.5,15.7,54.2,14.1,10.2,331.3,22.9,335.6,452.4,74.2,6148.4,2378.2,155.8,181.0,86.1,126.6,155.4,81.5,44.4,90.0,49.3,-0.1,7.63,27.3,6.11,2.24,23.6
38.0,0.87,0.05,0.0,0.08,0.0,1.11,0.31,0.24,0.24,7.68,24.3,31.6,21.4,2.11,74.2,49.6,8.74,97.0,64.3,14.4,0.66,4.6,0.97,0.97,14.3,38,418,1.08,0.71,0.95,0.13,0.32,3.42,0.13,1.79,1.66,1.27,1.02,0.78,1.79,2.05,9.5,3.21,33.8,9.5,3.21,0.1,0.3,19.0,0.11,-0.19,-0.07,16.5,16.5,9.95,2.29,1.39,0.68,1.5,0.68,1.68,1.68,0.82,0.24,0.24,0.13,0.21,0.05,0.87,3.42,2.53,76.2,0.39,0.26,0.34,0.37,36.8,0.11,0.03,0.03,18.8,12.9,9.71,7.03,2.08,7.26,19.3,37.7,12.0,9.21,1.82,7.39,12.8,31.6,23.7,0.13,90,100,84,7.89,2.97,19,4.03,1.45,1.11,0.87,0.24,0.24,1.27,1.04,0.22,0.22,40.2,451.5,49.3,149.0,194.6,113.4,15.0,451.2,7.79,15.4,50.7,14.2,10.7,220.2,21.4,224.5,347.2,64.7,4446.9,2019.0,98.1,123.8,79.2,77.9,109.3,71.2,40.1,89.3,44.8,-0.07,6.71,23.3,6.76,1.76,21.9
38.0,1.55,0.11,0.08,0.05,0.08,1.52,0.32,0.05,0.05,7.61,21.0,36.3,21.8,3.5,64.4,45.5,7.76,89.2,60.1,12.8,0.37,2.9,1.13,1.13,14.7,38,418,1.32,0.82,1.16,0.16,0.21,2.68,0.0,2.13,1.97,1.33,1.17,0.91,2.07,2.24,11.8,3.92,33.3,11.76,3.92,0.1,0.3,19.0,0.1,-0.02,-0.01,20.8,20.84,13.1,3.05,1.16,1.05,2.08,0.42,2.32,2.32,1.24,0.24,0.29,0.18,0.32,0.05,1.55,4.61,3.13,68.6,0.37,0.21,0.39,0.29,28.9,0.13,0.0,0.03,16.1,10.6,7.87,6.68,1.53,6.32,15.9,39.6,9.63,8.66,2.21,6.45,12.9,29.0,22.6,0.16,90,100,85,8.21,2.79,19,4.18,1.34,1.32,1.55,-0.24,-0.24,1.33,1.33,0.01,0.01,46.8,523.1,52.4,171.7,239.7,117.9,17.2,522.9,9.47,16.9,55.9,12.5,9.71,307.5,21.4,311.7,422.0,73.8,6205.7,2385.1,132.0,154.3,85.5,120.1,148.4,81.0,52.4,98.7,53.1,-0.09,8.58,25.8,5.87,2.97,21.9
38.0,2.0,0.11,0.11,0.29,0.08,1.64,0.33,-0.28,-0.28,6.21,15.8,39.4,17.6,3.89,53.6,39.8,8.68,73.0,53.4,15.8,0.79,5.0,0.34,0.34,11.1,38,418,1.0,0.79,0.92,0.08,0.13,2.61,0.05,1.79,1.71,1.36,1.26,1.05,2.31,2.41,12.2,3.5,28.8,12.16,3.5,0.08,0.26,18.0,0.1,-0.36,-0.33,21.5,21.53,15.2,2.42,1.37,1.18,1.08,0.29,1.76,1.76,1.18,0.21,0.08,0.18,0.11,0.0,2.0,4.71,2.76,59.8,0.16,0.26,0.53,0.16,15.8,0.13,0.03,0.0,19.2,13.2,10.2,7.42,1.58,7.68,17.9,43.0,10.2,10.3,2.97,7.32,12.7,31.9,24.8,0.34,90,100,84,7.97,2.97,22,3.95,0.76,1.0,2.0,-1.0,-1.0,1.36,1.54,-0.19,-0.19,46.8,551.7,55.7,179.3,247.2,131.3,19.3,551.6,9.87,16.4,60.3,12.1,9.95,332.5,25.9,336.4,446.7,75.3,6275.8,2450.9,152.4,178.2,85.6,127.2,157.0,81.0,47.9,87.4,54.8,-0.26,9.03,28.7,7.16,2.24,26.5
38.0,1.95,0.13,0.03,0.18,0.03,1.94,0.33,0.02,0.02,5.21,14.7,35.4,31.4,6.29,32.2,32.8,8.53,53.7,45.8,14.0,0.79,5.6,1.74,1.74,16.2,38,418,0.63,0.39,0.47,0.16,0.21,2.32,0.08,1.03,0.87,1.01,0.85,0.65,1.5,1.66,10.7,3.13,29.4,10.66,3.13,0.04,0.15,20.6,0.08,-0.38,-0.38,19.3,19.26,13.7,1.68,1.39,0.68,1.61,0.21,1.08,1.08,0.76,0.0,0.13,0.08,0.08,0.03,1.95,5.66,3.74,67.9,0.13,0.18,0.68,0.13,13.2,0.13,0.0,0.0,17.2,11.4,8.55,7.08,1.58,7.05,17.0,41.4,9.97,9.66,2.95,6.71,13.4,30.6,18.8,0.55,90,100,84,8.13,2.79,24,4.21,0.58,0.63,1.95,-1.32,-1.32,1.01,1.86,-0.84,-0.84,54.7,620.8,63.5,203.1,298.3,126.8,16.2,620.6,11.8,18.8,62.9,15.0,12.1,411.7,24.2,416.4,520.7,80.0,7112.5,2634.4,204.3,229.7,89.0,154.1,182.0,84.6,43.6,78.9,55.3,-0.26,7.71,27.1,6.71,1.61,24.7
38.0,1.34,0.16,0.11,0.11,0.0,1.36,0.3,0.02,0.02,8.89,25.3,35.1,24.3,2.47,74.7,49.5,7.5,96.1,63.6,13.4,0.82,6.1,1.29,1.29,15.6,38,418,0.84,0.61,0.79,0.05,0.08,2.68,0.13,1.45,1.39,1.05,0.99,0.79,1.78,1.84,10.3,3.29,31.8,10.34,3.29,0.08,0.24,19.3,0.1,-0.21,-0.2,17.8,17.82,11.1,2.18,1.29,1.0,1.61,0.66,1.45,1.45,0.84,0.16,0.13,0.21,0.08,0.03,1.34,4.11,2.76,71.2,0.32,0.18,0.5,0.37,36.8,0.18,0.03,0.0,19.0,12.7,9.21,8.08,1.68,8.5,18.3,46.3,9.84,9.5,2.29,7.21,15.3,34.3,20.4,0.24,90,100,84,8.0,2.87,23,4.13,1.13,0.89,1.34,-0.45,-0.45,1.05,1.25,-0.2,-0.2,43.0,494.9,49.9,168.8,222.7,110.4,14.7,494.8,8.97,16.0,56.1,14.7,11.9,269.1,20.7,273.2,391.8,69.7,5103.7,2205.0,130.8,157.6,83.0,95.6,125.4,76.2,39.5,85.3,46.3,-0.18,7.66,24.4,5.0,1.97,21.1
38.0,1.53,0.13,0.03,0.21,0.08,1.52,0.3,0.07,0.07,7.37,19.6,37.6,19.7,2.97,62.4,45.1,8.68,84.2,56.4,15.7,0.79,5.0,1.11,1.11,15.7,38,418,1.13,0.74,1.0,0.13,0.13,2.84,0.16,1.87,1.74,1.18,1.07,0.84,1.91,2.02,10.7,3.13,29.4,10.66,3.13,0.09,0.32,19.4,0.1,-0.04,-0.07,19.1,19.13,13.1,1.71,1.58,0.89,1.26,0.55,2.08,2.08,1.39,0.13,0.21,0.08,0.26,0.0,1.53,4.79,3.34,70.9,0.29,0.34,0.37,0.26,26.3,0.16,0.0,0.03,16.2,10.9,8.63,5.84,1.74,6.29,16.4,38.2,10.2,10.4,3.34,7.05,12.6,28.8,21.3,0.24,90,100,83,7.97,2.95,25,3.97,1.21,1.16,1.53,-0.37,-0.37,1.18,1.67,-0.49,-0.5,42.8,489.9,57.2,161.4,215.2,119.4,17.4,489.8,9.87,18.0,54.7,15.1,11.7,278.0,23.9,282.0,388.6,72.6,5264.7,2222.0,127.5,151.1,84.4,107.7,134.6,80.0,39.3,79.6,49.4,-0.1,7.55,25.8,7.16,2.29,24.6
38.0,1.61,0.16,0.03,0.08,0.0,1.75,0.36,0.15,0.15,8.11,21.6,37.5,20.9,2.39,67.1,46.8,8.21,92.9,60.9,14.1,0.76,5.4,0.53,0.53,11.7,38,418,0.61,0.39,0.5,0.11,0.16,2.61,0.21,1.0,0.89,1.01,0.89,0.69,1.58,1.7,10.4,2.84,27.2,10.45,2.84,0.05,0.18,18.7,0.09,-0.41,-0.39,18.1,18.08,11.2,2.24,1.61,1.03,1.37,0.63,0.89,0.89,0.53,0.11,0.05,0.08,0.11,0.03,1.61,4.47,2.84,67.6,0.13,0.13,0.74,0.16,15.8,0.18,0.03,0.0,19.6,13.4,10.1,7.26,2.26,7.16,18.6,38.5,11.4,9.53,2.66,6.87,13.1,32.7,23.4,0.08,90,100,83,7.87,2.97,23,4.0,0.53,0.63,1.61,-0.97,-0.97,1.01,1.56,-0.55,-0.55,44.1,521.5,55.0,170.8,241.1,115.8,14.2,521.3,8.11,15.4,52.6,15.2,12.4,296.9,21.3,300.6,415.0,72.4,5673.7,2367.1,135.4,160.2,84.5,111.9,142.2,78.7,44.6,88.4,50.4,-0.3,7.66,25.0,5.61,2.55,22.0
38.0,1.16,0.05,0.0,0.18,0.05,1.19,0.3,0.09,0.09,2.76,7.29,37.9,19.9,4.84,20.2,30.3,6.39,51.0,44.3,11.4,0.47,4.1,0.95,0.95,15.0,38,418,2.39,1.71,2.18,0.21,0.26,1.71,0.11,4.11,3.89,2.25,2.04,1.65,3.69,3.9,18.1,7.03,38.8,18.13,7.03,0.12,0.31,17.3,0.12,0.15,0.14,33.9,33.92,26.3,2.16,2.16,1.5,1.39,0.45,4.37,4.37,3.18,0.21,0.24,0.42,0.29,0.03,1.16,3.79,2.63,70.8,0.58,0.26,0.16,0.26,26.3,0.11,0.05,0.0,18.1,12.4,8.34,7.24,2.5,6.63,16.3,40.6,9.71,9.53,2.18,7.34,11.2,29.2,14.1,0.42,90,100,85,8.11,2.76,20,4.24,2.0,2.47,1.16,1.32,1.32,2.25,1.14,1.11,1.11,60.2,737.4,50.1,183.7,346.8,214.4,31.8,737.1,13.2,19.8,66.6,12.1,10.4,546.5,39.7,551.4,644.6,85.5,9436.3,3163.2,277.3,300.5,92.3,198.9,224.8,88.5,59.9,87.1,68.8,0.06,14.5,48.6,13.5,3.21,40.3
38.0,1.55,0.16,0.05,0.18,0.03,1.39,0.3,-0.13,-0.13,6.16,14.7,41.9,35.7,3.92,30.8,32.5,6.47,57.7,43.8,12.5,0.74,5.9,1.29,1.29,14.7,38,418,1.68,1.24,1.58,0.11,0.13,1.58,0.13,2.92,2.82,1.41,1.31,1.02,2.33,2.44,13.6,4.34,32.0,13.58,4.34,0.12,0.36,18.7,0.1,0.27,0.27,24.3,24.26,17.2,2.37,1.71,1.11,1.63,0.29,2.84,2.84,2.03,0.21,0.26,0.13,0.18,0.03,1.55,3.95,2.37,64.7,0.34,0.18,0.45,0.26,26.3,0.21,0.05,0.0,14.4,9.84,6.55,6.0,1.84,5.97,14.1,42.4,8.13,9.66,2.39,7.26,11.7,26.1,17.5,0.16,90,100,85,8.05,2.84,20,4.16,1.29,1.74,1.55,0.18,0.18,1.41,1.33,0.08,0.08,56.5,644.5,62.9,199.0,299.4,152.7,21.5,644.4,9.53,16.4,58.1,14.6,11.8,441.9,27.9,446.7,548.4,81.5,8042.8,2804.8,199.5,222.3,89.7,181.2,208.6,86.9,53.3,88.4,60.3,0.21,10.2,33.0,8.24,2.71,28.4
38.0,1.53,0.13,0.03,0.16,0.03,1.36,0.32,-0.14,-0.14,4.34,12.0,36.3,19.8,4.95,35.1,33.1,7.63,65.5,49.1,14.4,0.79,5.5,0.68,0.68,12.4,38,418,1.26,0.92,1.16,0.11,0.13,2.55,0.08,2.18,2.08,1.57,1.47,1.13,2.59,2.69,13.4,4.58,34.1,13.45,4.58,0.09,0.25,17.7,0.11,-0.3,-0.31,24.3,24.34,18.2,1.97,1.55,1.11,1.13,0.39,2.37,2.37,1.55,0.21,0.24,0.18,0.16,0.03,1.53,3.95,2.42,64.7,0.45,0.16,0.37,0.37,36.8,0.21,0.03,0.05,20.2,14.1,9.32,8.55,2.34,7.79,18.0,43.2,10.2,11.0,3.0,8.03,10.8,31.0,22.3,0.45,90,100,84,7.97,3.0,22,4.0,1.53,1.29,1.53,-0.24,-0.24,1.57,1.43,0.14,0.14,54.3,645.6,55.3,190.7,306.1,156.1,24.9,645.4,10.3,17.4,59.3,13.1,11.3,426.3,33.7,430.7,541.3,79.6,7378.9,2813.7,210.8,237.4,88.8,163.9,194.8,84.1,43.4,78.2,55.4,-0.21,10.4,34.3,9.03,1.47,34.4
38.0,1.0,0.08,0.03,0.13,0.0,1.33,0.28,0.33,0.33,4.95,14.1,35.1,17.0,4.76,45.7,38.0,8.18,77.2,55.8,16.4,0.61,3.7,0.26,0.26,10.0,38,418,1.66,1.18,1.45,0.21,0.21,2.71,0.13,2.84,2.63,1.47,1.31,1.05,2.36,2.52,12.4,4.61,37.0,12.45,4.61,0.12,0.31,18.7,0.11,0.18,0.14,22.6,22.61,15.9,2.0,1.92,1.18,1.24,0.34,3.0,3.0,2.0,0.18,0.29,0.21,0.24,0.08,1.0,4.32,3.26,78.7,0.58,0.18,0.24,0.32,31.6,0.13,0.05,0.0,19.6,12.9,10.7,7.03,1.87,8.13,18.2,44.7,10.1,10.9,2.84,8.11,12.1,31.7,23.9,0.24,90,100,85,8.05,2.82,18,4.18,1.92,1.71,1.0,0.71,0.71,1.47,1.27,0.2,0.2,48.6,582.4,57.1,186.8,270.7,131.8,19.3,582.2,11.3,18.4,61.2,14.2,12.5,372.2,30.0,376.0,473.8,79.4,6900.5,2590.9,163.6,186.9,87.5,159.1,187.2,85.0,44.4,76.7,57.9,0.13,9.32,32.2,8.08,1.97,30.7
38.0,1.32,0.13,0.03,0.16,0.0,1.34,0.28,0.02,0.02,4.74,14.0,33.8,19.1,4.84,39.3,35.5,8.74,74.4,52.8,18.1,0.82,4.5,0.95,0.95,12.3,38,418,1.47,1.18,1.37,0.11,0.13,2.97,0.16,2.66,2.55,1.4,1.3,1.11,2.4,2.51,12.4,4.26,34.5,12.37,4.26,0.11,0.32,19.3,0.11,0.07,0.07,21.9,21.89,16.0,1.68,1.82,0.95,0.95,0.53,2.5,2.5,1.76,0.08,0.34,0.18,0.13,0.0,1.32,4.13,2.74,71.3,0.47,0.18,0.32,0.29,28.9,0.21,0.08,0.0,18.7,12.3,9.37,7.32,2.03,7.29,18.4,39.6,11.1,11.8,3.45,8.32,11.2,29.9,26.9,0.18,90,100,84,7.87,2.95,22,4.03,1.61,1.5,1.32,0.18,0.18,1.4,1.41,-0.01,0.0,50.4,602.6,60.5,200.6,282.8,125.3,18.3,602.5,8.63,15.1,57.0,12.2,10.3,390.7,28.4,394.6,494.7,79.8,7153.8,2691.0,181.6,205.4,88.4,157.0,185.1,84.8,48.1,81.6,59.0,0.08,9.79,30.4,6.47,1.58,28.8
