90s,GA,PKA,FK,CK,OG,PSxG,PSxG/SoT,PSxG+/-,/90,LGCmp,LGAtt,LGCmp%,PAtt,Thr,PLaunch%,PAvgLen,GAtt,GLaunch%,GAvgLen,Opp,Stp,Stp%,#OPA,#OPA/90,AvgDist,MP,Starts,Gls,Ast,G+A,G-PK,PK,PKatt,CrdY,CrdR,xG,npxG,xGA,npxG+xGA,PrgC,PrgP,G+A-PK,xG+xGA,npxG+xAG,Sh,SoT,SoT%,Sh/90,SoT/90,G/Sh,G/SoT,Dist,npxG/Sh,G-xG,np:G-xG,SCAâ–¼,SCA90,SCAPassLive,SCAPassDead,SCADrib,SCASh,SCAFld,SCADef,GCA,GCA90,GCAPassLive,GCAPassDead,GCADrib,GCASh,GCAFld,GCADef,GA90,SoTA,Saves,Save%,W,D,L,CS,CS%,GPKatt,PKsv,PKm,TKTkl,TklW,TK Def 3rd,TK Mid 3rd,TK Att 3rd,VSTkl,DAtt,Tkl%,Past,Blocks,DSh,Pass,Int,Tkl+Int,Clr,Err,Mn/MP,Min%,Mn/Start,Compl,Subs,Mn/Sub,unSub,PPM,onG,onGA,+/-,+/-90,onxG,onxGA,xG+/-,xG+/-90,Poss,Touches,Def Pen,Def 3rd,Mid 3rd,Att 3rd,Att Pen,Live,Att,Succ,Succ%,Tkld,Tkld%,Carries,TotDist,ProgDist,1/3,CPA,Mis,Dis,Rec,ProgR,TCmp,TAtt,TCmp%,PTotDist,PPrgDist,SCmp,SAtt,SCmp%,MCmp,MAtt,MCmp%,LCmp,LAtt,LCmp%,xA,A-xA,KP,PPA,CrsPA,PProg
38.0,1.26,0.13,0.0,0.08,0.03,1.25,0.29,0.02,0.02,3.97,14.0,28.3,28.2,4.61,34.9,33.3,5.74,73.4,54.3,12.8,0.84,6.6,1.61,1.61,15.6,38,418,1.58,1.08,2.66,1.45,0.13,0.21,1.76,0.11,1.59,1.45,1.06,2.51,19.3,43.6,2.53,2.65,2.51,15.3,4.89,32.0,15.29,4.89,0.09,0.3,17.8,0.1,-0.01,-0.0,27.1,27.11,20.7,1.79,1.5,1.74,1.03,0.32,2.61,2.61,1.82,0.21,0.11,0.34,0.11,0.03,1.26,3.87,2.63,70.7,0.58,0.08,0.34,0.34,34.2,0.16,0.0,0.03,14.2,8.18,6.87,5.13,2.21,6.42,13.2,48.8,6.74,10.2,3.24,6.92,7.79,22.0,17.3,0.53,90,100,85.0,8.0,2.89,17,6.11,1.82,1.61,1.26,0.34,0.34,1.59,1.2,0.39,0.39,52.8,625.8,58.6,188.2,272.0,170.8,25.8,625.6,15.5,8.39,54.1,7.13,45.9,368.2,1935.0,1036.5,13.0,5.87,14.7,8.87,422.8,43.2,425.7,522.2,81.5,7391.3,2397.7,192.8,216.1,89.2,189.1,214.2,88.3,34.9,68.0,51.3,0.91,0.02,11.5,8.66,1.95,43.6
38.0,1.42,0.11,0.05,0.13,0.05,1.22,0.29,-0.14,-0.14,4.13,11.6,35.5,23.2,4.63,36.4,33.6,7.92,40.2,35.0,13.5,1.05,7.8,0.89,0.89,14.8,38,418,1.32,1.11,2.42,1.24,0.08,0.08,2.13,0.05,1.16,1.11,0.92,2.02,17.2,34.2,2.34,2.08,2.02,12.1,4.18,34.5,12.13,4.18,0.1,0.3,17.6,0.09,0.16,0.13,22.0,22.03,16.0,2.24,1.29,1.08,1.26,0.16,2.45,2.45,1.71,0.24,0.24,0.18,0.08,0.0,1.42,3.92,2.53,66.4,0.34,0.16,0.5,0.29,28.9,0.16,0.03,0.03,16.7,10.1,7.89,6.82,1.97,7.89,17.1,46.2,9.18,11.9,3.68,8.24,8.92,25.6,18.2,0.34,90,100,85.0,8.0,2.97,20,6.0,1.18,1.37,1.42,-0.05,-0.05,1.16,1.29,-0.13,-0.13,46.5,542.3,63.4,180.9,234.1,132.9,21.7,542.3,15.4,8.76,56.7,6.68,43.3,310.4,1645.0,833.5,11.1,4.37,15.7,9.05,333.4,34.0,335.5,434.2,77.3,5815.1,2247.5,155.7,179.0,87.0,136.4,161.5,84.5,32.6,67.7,48.2,0.79,0.19,9.37,7.71,1.84,34.2
38.0,1.47,0.13,0.03,0.21,0.05,1.3,0.25,-0.12,-0.12,7.84,20.2,38.8,35.7,4.84,43.1,35.4,7.84,61.4,45.5,16.5,0.97,5.9,1.53,1.53,16.4,38,418,1.21,0.87,2.08,1.05,0.16,0.16,1.71,0.08,1.21,1.08,0.87,1.95,11.8,31.3,1.92,2.07,1.95,11.5,3.71,32.3,11.47,3.71,0.09,0.28,16.3,0.1,0.01,-0.03,19.4,19.45,12.8,2.53,0.97,1.63,1.13,0.37,2.05,2.05,1.21,0.29,0.11,0.21,0.24,0.0,1.47,4.71,3.29,71.5,0.34,0.18,0.47,0.24,23.7,0.13,0.0,0.0,16.0,9.0,7.87,6.0,2.11,7.66,16.2,47.2,8.55,10.1,2.97,7.11,10.3,26.3,22.7,0.18,90,100,84.0,8.0,3.0,22,5.87,1.21,1.26,1.47,-0.21,-0.21,1.21,1.28,-0.07,-0.07,44.8,538.5,73.5,206.9,215.8,120.2,21.6,538.3,12.5,6.89,55.0,5.63,45.0,270.5,1313.8,686.4,8.74,2.68,14.8,7.66,304.3,30.8,307.3,428.2,71.8,5575.4,2262.7,136.9,166.1,82.4,126.2,161.1,78.4,35.7,75.1,47.6,0.89,0.0,8.18,6.89,2.13,31.3
38.0,1.16,0.08,0.03,0.16,0.0,1.12,0.28,-0.04,-0.04,4.24,14.9,28.3,34.7,4.95,31.4,32.8,6.34,64.3,48.8,14.1,1.58,11.2,0.95,0.95,12.8,38,418,1.05,0.79,1.84,0.95,0.11,0.18,1.89,0.05,1.22,1.07,0.85,1.92,17.8,40.7,1.74,2.06,1.92,12.7,3.71,29.3,12.68,3.71,0.07,0.26,17.7,0.09,-0.16,-0.12,22.9,22.89,16.6,2.21,1.29,1.45,1.05,0.32,1.89,1.89,1.29,0.21,0.11,0.16,0.11,0.03,1.16,3.84,2.68,71.9,0.32,0.39,0.29,0.29,28.9,0.11,0.0,0.03,17.6,10.6,8.05,6.76,2.76,6.39,14.8,43.2,8.42,12.6,3.95,8.68,9.42,27.0,19.0,0.32,90,100,84.0,8.11,2.92,22,6.08,1.34,1.11,1.16,-0.05,-0.05,1.22,1.13,0.09,0.09,54.4,654.1,69.2,211.4,276.8,171.2,23.1,653.9,14.7,8.34,56.7,6.37,43.3,366.3,1803.6,923.6,13.7,3.66,15.7,9.18,428.4,40.2,431.8,541.8,79.7,7600.7,2508.1,189.3,215.1,88.0,187.6,216.0,86.9,41.6,77.7,53.5,0.83,-0.06,9.37,9.0,1.89,40.7
38.0,1.39,0.13,0.03,0.18,0.05,1.25,0.25,-0.09,-0.09,9.11,22.9,39.8,22.4,4.05,69.8,46.5,8.0,91.1,61.3,16.9,1.21,7.2,2.21,2.21,17.4,38,418,0.84,0.68,1.53,0.82,0.03,0.05,1.79,0.05,1.04,1.0,0.82,1.82,10.2,25.6,1.5,1.87,1.82,10.7,3.13,29.4,10.66,3.13,0.08,0.26,17.2,0.1,-0.2,-0.19,17.7,17.74,12.0,2.13,0.74,1.32,1.32,0.26,1.58,1.58,1.03,0.24,0.13,0.08,0.11,0.0,1.39,4.68,3.34,73.0,0.18,0.37,0.45,0.24,23.7,0.13,0.0,0.0,15.5,8.53,7.18,6.18,2.16,6.58,14.1,46.8,7.47,13.4,5.55,7.84,10.8,26.3,23.3,0.47,90,100,86.0,8.45,2.53,19,6.42,0.92,0.89,1.39,-0.5,-0.5,1.04,1.5,-0.46,-0.46,40.2,483.4,59.1,153.7,211.9,123.3,17.4,483.4,12.6,6.79,53.9,5.82,46.1,216.6,1112.4,501.6,7.89,2.21,14.2,7.66,245.8,25.2,248.8,371.2,67.0,4705.0,2110.4,113.1,140.2,80.7,87.0,117.7,73.9,38.3,84.6,45.3,0.74,-0.14,7.53,6.32,2.21,25.6
38.0,0.87,0.16,0.0,0.05,0.03,0.83,0.22,-0.01,-0.01,2.39,5.84,41.0,23.6,4.82,19.0,25.5,5.21,26.3,25.2,11.0,0.79,7.2,1.42,1.42,15.4,38,418,1.97,1.37,3.34,1.76,0.21,0.24,1.66,0.03,1.67,1.49,1.18,2.67,23.5,51.8,3.13,2.85,2.67,15.3,5.26,34.3,15.34,5.26,0.11,0.34,17.4,0.1,0.31,0.27,28.0,28.0,21.5,1.63,1.26,1.97,1.29,0.32,3.55,3.55,2.55,0.24,0.21,0.26,0.24,0.05,0.87,3.03,2.18,76.5,0.55,0.29,0.16,0.42,42.1,0.16,0.0,0.0,16.3,9.16,7.03,7.08,2.24,6.76,14.9,45.3,8.16,10.7,2.53,8.21,9.13,25.5,16.9,0.39,90,100,84.0,8.05,2.92,22,5.95,1.95,2.0,0.87,1.13,1.13,1.67,0.87,0.79,0.79,61.8,762.5,60.0,208.6,352.2,207.4,28.1,762.3,16.4,9.58,58.3,6.84,41.7,449.7,2268.1,1223.8,19.2,6.39,15.6,10.1,553.7,51.5,557.6,654.9,85.1,9008.6,2975.9,279.7,305.7,91.5,218.9,245.3,89.2,40.1,66.2,60.6,1.12,0.19,11.6,11.5,1.74,51.8
38.0,1.21,0.08,0.05,0.29,0.05,1.01,0.24,-0.14,-0.14,3.42,9.87,34.7,26.3,5.84,27.0,28.6,7.03,39.3,32.7,13.8,0.74,5.3,1.13,1.13,15.1,38,418,1.32,0.82,2.13,1.16,0.16,0.21,1.82,0.03,1.22,1.06,0.82,1.87,15.6,32.3,1.97,2.04,1.87,10.6,3.68,34.7,10.63,3.68,0.11,0.31,16.1,0.1,0.09,0.1,18.7,18.71,13.2,1.66,1.13,1.21,1.13,0.42,2.13,2.13,1.39,0.08,0.18,0.21,0.24,0.03,1.21,3.79,2.61,70.1,0.29,0.39,0.32,0.32,31.6,0.11,0.03,0.0,16.8,9.84,8.5,6.21,2.05,7.18,15.1,47.5,7.95,11.9,3.55,8.34,8.76,25.5,20.0,0.13,90,100,85.0,8.13,2.84,18,6.03,1.26,1.32,1.21,0.11,0.11,1.22,1.07,0.15,0.15,51.1,617.5,72.4,230.6,262.9,130.1,19.7,617.3,18.1,10.1,55.6,8.03,44.4,345.5,1734.9,873.1,10.8,3.92,17.7,12.4,391.5,31.9,394.3,502.1,78.5,6987.8,2434.8,172.4,197.2,87.4,171.6,200.3,85.7,38.6,75.6,51.1,0.79,0.0,8.03,7.11,1.97,32.3
38.0,1.74,0.05,0.05,0.34,0.13,1.47,0.29,-0.13,-0.13,7.68,22.2,34.6,24.4,3.26,65.2,46.5,7.84,80.5,59.5,14.9,0.68,4.6,0.97,0.97,14.4,38,418,1.11,0.76,1.87,0.95,0.16,0.18,2.16,0.16,1.08,0.94,0.75,1.69,13.5,28.9,1.71,1.83,1.69,11.3,3.42,30.2,11.32,3.42,0.08,0.28,17.7,0.08,0.02,0.01,19.5,19.53,14.0,1.82,1.13,1.11,1.18,0.26,1.79,1.79,1.21,0.11,0.11,0.16,0.21,0.0,1.74,4.95,3.34,66.0,0.29,0.16,0.55,0.21,21.1,0.05,0.0,0.0,18.6,10.6,9.71,6.63,2.21,8.84,19.3,45.7,10.5,13.1,3.68,9.37,9.61,28.2,21.4,0.39,90,100,85.0,8.34,2.55,21,6.32,1.03,1.13,1.74,-0.61,-0.61,1.08,1.46,-0.37,-0.37,40.0,502.0,60.2,168.3,207.9,131.9,19.2,501.8,16.7,8.87,53.2,7.76,46.5,247.9,1406.4,673.7,10.2,3.76,16.8,8.55,270.4,28.6,272.8,383.1,71.2,4863.5,2004.3,128.7,154.2,83.4,101.2,129.0,78.4,32.0,71.2,44.9,0.66,0.01,8.5,6.71,2.03,28.9
38.0,2.08,0.13,0.08,0.26,0.03,1.64,0.26,-0.41,-0.41,2.87,10.9,26.4,29.2,7.26,27.5,29.3,7.66,37.1,33.2,11.7,0.61,5.2,1.24,1.24,14.4,38,418,1.11,0.68,1.79,0.97,0.13,0.13,2.66,0.08,1.17,1.06,0.82,1.89,17.7,39.0,1.66,1.99,1.89,12.6,3.74,29.6,12.63,3.74,0.08,0.26,18.3,0.09,-0.06,-0.09,21.7,21.71,15.5,1.79,1.37,1.58,1.11,0.37,1.74,1.74,0.95,0.05,0.26,0.26,0.13,0.08,2.08,5.89,3.84,67.0,0.24,0.29,0.47,0.13,13.2,0.13,0.0,0.0,20.7,11.5,10.4,7.84,2.45,10.7,23.3,46.0,12.6,12.4,3.76,8.68,10.4,31.1,16.3,0.39,90,100,82.0,8.21,2.79,29,6.16,1.0,1.11,2.08,-0.97,-0.97,1.17,1.78,-0.62,-0.62,52.3,597.5,68.6,224.2,250.1,129.4,20.8,597.4,17.2,8.92,51.8,8.32,48.2,322.6,1765.8,956.7,10.8,4.47,17.8,7.84,364.9,38.6,368.1,481.3,76.5,6385.9,2346.3,165.0,191.7,86.1,155.8,185.5,84.0,34.9,72.5,48.1,0.66,-0.14,9.13,7.16,1.39,39.0
38.0,1.55,0.18,0.03,0.39,0.03,1.5,0.26,-0.03,-0.03,5.16,12.9,39.9,27.0,4.58,35.6,33.9,7.84,42.3,37.1,14.5,0.42,2.9,1.03,1.03,14.7,38,418,1.63,1.21,2.84,1.58,0.05,0.05,1.45,0.03,1.26,1.22,0.9,2.12,16.4,35.7,2.79,2.16,2.12,11.4,4.32,37.9,11.39,4.32,0.14,0.37,17.8,0.11,0.37,0.36,19.6,19.61,14.9,1.08,1.26,1.11,0.87,0.39,2.76,2.76,2.13,0.08,0.11,0.21,0.13,0.11,1.55,5.05,3.47,72.9,0.37,0.26,0.37,0.18,18.4,0.24,0.05,0.0,18.2,10.1,8.84,7.11,2.21,8.05,18.9,42.5,10.9,12.3,3.84,8.5,9.66,27.8,20.4,0.39,90,100,84.0,8.11,2.87,23,6.11,1.37,1.63,1.55,0.08,0.08,1.26,1.56,-0.3,-0.3,52.0,642.3,72.9,225.7,291.2,130.6,19.6,642.3,14.4,7.82,54.3,6.58,45.7,365.7,1808.1,914.8,12.3,4.13,15.8,9.68,422.0,35.6,424.4,529.9,80.1,7093.3,2479.3,204.0,231.3,88.2,173.0,199.4,86.7,35.0,67.9,51.5,0.71,0.31,8.21,6.68,1.5,35.7
38.0,0.68,0.0,0.0,0.08,0.03,0.7,0.26,0.04,0.04,3.05,7.05,43.3,34.1,5.89,16.2,26.0,4.87,31.4,32.7,9.47,0.58,6.1,2.42,2.42,18.7,38,418,2.47,1.87,4.34,2.29,0.18,0.21,1.32,0.03,2.33,2.18,1.67,3.85,23.3,59.0,4.16,4.0,3.85,19.0,6.24,32.9,18.97,6.24,0.12,0.37,16.7,0.12,0.14,0.11,32.9,32.87,24.0,2.76,1.66,2.74,1.29,0.42,4.29,4.29,3.18,0.24,0.24,0.5,0.13,0.0,0.68,2.82,2.16,75.7,0.74,0.21,0.05,0.55,55.3,0.0,0.0,0.0,14.6,8.42,5.45,6.32,2.82,6.13,15.2,40.5,9.03,9.45,1.95,7.5,8.95,23.5,13.8,0.21,90,100,85.0,8.05,2.92,19,6.08,2.42,2.47,0.68,1.79,1.79,2.33,0.89,1.44,1.45,62.7,778.3,56.1,189.3,373.1,221.6,36.2,778.1,16.7,9.03,54.0,7.66,45.8,454.3,2215.5,1192.8,17.7,7.63,15.5,9.63,553.7,58.6,556.9,672.4,82.8,9753.2,3344.4,247.9,276.5,89.7,243.3,278.1,87.5,52.6,84.5,62.3,1.48,0.2,13.9,13.4,2.42,59.0
38.0,0.68,0.03,0.0,0.03,0.0,0.68,0.29,-0.01,-0.01,2.32,4.95,46.8,26.8,4.5,15.7,25.6,3.82,19.3,26.4,8.16,0.55,6.8,1.53,1.53,18.9,38,418,2.53,1.66,4.18,2.34,0.18,0.24,1.11,0.03,2.33,2.14,1.72,3.87,30.1,63.7,4.0,4.06,3.87,18.5,6.24,33.7,18.53,6.24,0.13,0.38,16.3,0.12,0.19,0.2,33.8,33.84,26.2,2.05,1.84,2.32,1.11,0.29,4.16,4.16,2.95,0.26,0.16,0.5,0.21,0.08,0.68,2.24,1.55,70.6,0.76,0.16,0.08,0.55,55.3,0.03,0.0,0.0,13.1,7.47,4.82,5.63,2.66,5.97,13.4,44.6,7.42,7.03,1.45,5.58,7.34,20.4,10.6,0.18,90,100,86.0,8.89,2.08,20,6.87,2.45,2.61,0.68,1.92,1.92,2.33,0.65,1.68,1.68,67.9,825.8,48.3,172.8,402.1,256.0,39.4,825.6,19.5,11.2,57.4,8.32,42.6,554.3,2895.2,1610.5,22.1,10.2,13.1,8.32,637.2,63.2,642.3,734.3,87.5,10857.8,3104.3,308.2,331.7,92.9,267.3,293.7,91.0,51.9,76.2,68.1,1.5,-0.07,14.1,14.1,1.95,63.7
38.0,1.5,0.08,0.0,0.11,0.08,1.45,0.29,0.03,0.03,2.71,8.29,32.7,16.4,3.53,30.0,30.9,7.87,42.8,35.9,13.8,0.21,1.5,0.66,0.66,14.0,38,418,1.47,1.21,2.68,1.39,0.08,0.13,2.03,0.05,1.47,1.37,1.12,2.48,20.6,41.3,2.61,2.59,2.48,13.2,4.71,35.6,13.24,4.71,0.11,0.3,17.7,0.11,0.01,0.03,24.1,24.13,18.6,1.71,1.47,1.0,1.03,0.34,2.74,2.74,2.03,0.16,0.16,0.18,0.13,0.08,1.5,4.74,3.26,70.0,0.42,0.26,0.32,0.21,21.1,0.13,0.05,0.0,15.4,9.42,8.42,5.18,1.79,6.97,16.0,43.6,9.03,10.6,3.5,7.13,8.95,24.3,18.5,0.53,90,100,85.0,7.97,3.0,20,5.97,1.53,1.5,1.5,0.0,0.0,1.47,1.39,0.07,0.07,52.7,648.7,59.4,194.5,293.2,166.6,23.2,648.6,16.6,9.68,58.3,6.92,41.7,367.2,2010.4,1092.0,15.4,5.61,14.2,8.76,436.6,41.1,439.2,543.2,80.9,7375.2,2449.6,214.8,243.0,88.4,168.4,195.7,86.0,40.7,69.1,58.9,0.98,0.09,10.7,8.21,1.71,41.3
38.0,1.63,0.13,0.0,0.21,0.05,1.38,0.29,-0.2,-0.2,7.95,19.1,41.6,22.9,3.34,49.9,38.7,8.87,86.4,58.4,13.7,0.79,5.8,0.47,0.47,11.4,38,418,1.08,0.61,1.68,1.0,0.08,0.08,2.13,0.05,1.0,0.94,0.68,1.62,14.3,24.3,1.61,1.68,1.62,11.7,3.74,31.8,11.74,3.74,0.09,0.27,18.1,0.08,0.08,0.06,19.9,19.95,13.3,2.13,1.61,1.5,1.16,0.29,1.84,1.84,1.21,0.11,0.13,0.24,0.16,0.0,1.63,4.34,2.74,65.5,0.34,0.26,0.39,0.21,21.1,0.16,0.03,0.0,17.3,10.1,8.79,7.0,1.55,8.0,16.9,47.4,8.87,11.1,4.26,6.79,9.47,26.8,20.4,0.37,90,100,85.0,8.13,2.84,18,6.13,1.29,1.16,1.63,-0.47,-0.47,1.0,1.5,-0.5,-0.5,40.4,481.1,60.8,177.1,196.9,113.5,19.1,481.0,16.6,9.45,56.8,7.18,43.2,243.2,1339.4,630.6,10.4,4.29,16.4,9.45,266.1,24.0,268.4,369.4,72.7,4957.2,2044.3,119.6,142.9,83.7,103.1,128.4,80.3,35.3,72.3,48.9,0.61,-0.07,8.11,5.08,1.45,24.3
38.0,2.21,0.24,0.03,0.24,0.05,1.78,0.27,-0.38,-0.38,4.71,13.9,33.9,28.1,5.66,36.3,34.3,8.16,45.5,38.5,16.2,0.45,2.8,0.87,0.87,13.9,38,418,0.55,0.42,0.97,0.47,0.08,0.08,1.5,0.03,0.85,0.79,0.64,1.43,14.9,27.1,0.89,1.49,1.43,9.74,2.74,28.1,9.74,2.74,0.05,0.17,19.0,0.08,-0.3,-0.32,16.8,16.76,11.4,1.76,1.08,0.87,1.32,0.29,0.92,0.92,0.71,0.05,0.03,0.03,0.08,0.03,2.21,5.84,3.66,66.2,0.13,0.18,0.68,0.16,15.8,0.32,0.03,0.05,16.2,9.68,8.47,6.37,1.32,7.82,18.8,41.6,11.0,11.8,4.74,7.11,10.0,26.2,22.6,0.37,90,100,84.0,8.0,3.0,21,5.97,0.58,0.61,2.21,-1.61,-1.61,0.85,1.99,-1.14,-1.14,42.9,532.5,76.6,217.0,211.8,109.7,15.8,532.4,15.3,7.84,51.3,7.45,48.7,293.1,1601.4,791.4,9.37,3.32,14.4,8.24,317.0,26.8,320.1,422.9,75.7,5710.7,2107.0,146.8,170.6,86.0,129.3,156.6,82.6,36.0,72.6,49.7,0.62,-0.22,6.95,5.95,1.21,27.1
38.0,1.76,0.05,0.0,0.32,0.05,1.51,0.31,-0.21,-0.21,5.16,16.1,32.0,23.4,3.92,46.1,37.4,7.32,72.3,50.3,15.1,1.11,7.3,0.87,0.87,11.5,38,418,1.08,0.68,1.76,0.97,0.11,0.11,1.71,0.05,1.18,1.09,0.86,1.95,19.2,34.9,1.66,2.03,1.95,12.6,4.24,33.7,12.58,4.24,0.08,0.23,17.7,0.09,-0.1,-0.12,21.4,21.42,15.4,1.79,1.13,1.34,1.29,0.47,1.87,1.87,1.16,0.13,0.16,0.11,0.24,0.08,1.76,4.82,3.11,64.5,0.24,0.34,0.42,0.21,21.1,0.05,0.0,0.0,15.8,8.95,7.5,6.39,1.95,6.53,15.3,42.7,8.76,11.3,3.47,7.84,11.7,27.6,20.9,0.34,90,100,85.0,8.08,2.89,19,6.11,1.05,1.13,1.76,-0.63,-0.63,1.18,1.58,-0.4,-0.4,47.7,563.6,58.3,172.1,247.6,150.3,21.8,563.5,16.4,9.21,56.1,7.21,43.9,291.7,1640.2,827.0,14.8,5.18,16.5,9.63,326.0,34.6,329.1,445.8,73.8,5552.7,2107.6,160.2,188.8,84.9,128.8,160.3,80.3,29.3,68.2,42.9,0.76,-0.17,9.29,6.55,1.53,34.9
38.0,1.05,0.05,0.03,0.13,0.03,0.99,0.26,-0.04,-0.04,3.03,7.34,41.2,17.8,4.24,29.6,31.0,7.32,28.4,26.5,14.9,0.87,5.8,1.18,1.18,14.2,38,418,1.66,1.32,2.97,1.53,0.13,0.13,1.82,0.03,1.61,1.51,1.24,2.75,20.8,38.4,2.84,2.85,2.75,12.8,4.87,38.1,12.79,4.87,0.12,0.31,16.7,0.12,0.05,0.02,23.2,23.21,17.8,1.34,1.21,1.61,0.97,0.24,3.08,3.08,2.5,0.08,0.11,0.21,0.16,0.03,1.05,3.61,2.58,72.3,0.58,0.13,0.29,0.42,42.1,0.05,0.0,0.0,15.7,9.18,7.53,6.42,1.79,6.89,15.4,44.9,8.47,12.4,4.24,8.13,9.34,25.1,20.9,0.39,90,100,85.0,8.18,2.79,18,6.21,1.87,1.82,1.05,0.76,0.76,1.61,1.03,0.58,0.58,51.8,654.0,66.2,210.8,301.4,148.1,22.7,653.9,17.6,9.87,56.2,7.66,43.6,397.9,2158.9,1114.2,15.7,5.13,15.5,8.97,449.9,38.2,452.7,544.6,83.1,7470.3,2459.6,217.6,240.6,90.5,180.4,205.6,87.8,36.2,62.4,58.0,1.09,0.08,9.97,8.89,2.13,38.4
38.0,2.03,0.16,0.03,0.16,0.08,1.59,0.29,-0.36,-0.36,7.03,21.8,32.2,24.5,3.24,61.1,43.5,8.16,83.9,57.0,16.9,0.71,4.2,1.29,1.29,15.9,38,418,0.87,0.68,1.55,0.84,0.03,0.05,1.66,0.08,1.05,1.01,0.86,1.87,14.7,28.2,1.53,1.91,1.87,10.4,3.24,31.0,10.45,3.24,0.08,0.26,18.1,0.1,-0.18,-0.17,18.2,18.24,12.5,1.55,1.26,1.13,1.37,0.42,1.5,1.5,0.95,0.13,0.11,0.18,0.08,0.05,2.03,4.95,2.97,62.2,0.16,0.13,0.71,0.11,10.5,0.18,0.03,0.0,16.2,9.37,8.97,5.61,1.58,7.32,16.5,44.4,9.16,11.6,3.89,7.68,11.7,27.8,23.7,0.5,90,100,84.0,8.13,2.79,23,6.16,0.61,0.89,2.03,-1.13,-1.13,1.05,1.7,-0.64,-0.64,40.7,504.2,65.0,190.7,206.0,113.9,16.4,504.2,19.8,10.4,52.6,9.37,47.4,248.1,1351.8,654.3,10.0,3.89,16.8,10.2,271.6,27.8,274.3,385.3,71.2,5103.7,2106.7,118.6,144.6,82.0,112.4,140.1,80.2,35.0,76.4,45.8,0.59,-0.17,7.84,5.61,1.84,28.2
38.0,1.34,0.05,0.05,0.21,0.05,1.26,0.27,-0.03,-0.03,5.32,14.6,36.5,20.1,4.39,49.6,38.5,7.66,60.1,44.6,16.1,0.76,4.8,0.32,0.32,10.2,38,418,1.53,1.21,2.74,1.42,0.11,0.16,1.37,0.08,1.35,1.23,0.98,2.22,17.0,38.1,2.63,2.34,2.22,11.7,3.74,32.1,11.66,3.74,0.12,0.38,16.6,0.11,0.17,0.19,20.3,20.26,15.0,1.79,1.24,1.32,0.74,0.21,2.68,2.68,1.89,0.26,0.13,0.24,0.13,0.03,1.34,4.34,2.97,70.3,0.42,0.21,0.37,0.21,21.1,0.16,0.08,0.03,14.1,7.92,7.18,5.24,1.63,6.32,14.7,43.1,8.34,11.1,4.61,6.45,9.84,23.9,20.6,0.13,90,100,86.0,8.42,2.5,17,6.5,1.47,1.58,1.34,0.24,0.24,1.35,1.41,-0.06,-0.06,47.9,587.7,64.3,184.5,262.9,145.9,21.3,587.5,14.3,8.05,56.1,6.29,43.9,332.2,1792.1,859.6,12.6,4.5,13.7,7.74,374.4,37.8,377.0,483.6,78.0,6609.3,2347.1,174.4,197.2,88.4,152.3,180.4,84.4,38.9,76.5,50.9,0.85,0.23,8.42,7.13,2.29,38.1
38.0,1.13,0.24,0.03,0.05,0.03,1.3,0.25,0.19,0.19,3.21,11.1,28.8,22.7,5.79,35.6,34.7,7.24,42.2,36.5,14.8,1.16,7.8,1.08,1.08,13.4,38,418,0.92,0.58,1.5,0.89,0.03,0.03,1.63,0.05,0.99,0.97,0.69,1.66,19.0,33.8,1.47,1.68,1.66,10.6,3.5,33.2,10.55,3.5,0.08,0.26,18.6,0.09,-0.07,-0.07,18.2,18.21,13.1,1.16,1.71,0.97,0.82,0.5,1.53,1.53,0.97,0.11,0.13,0.21,0.05,0.05,1.13,4.39,3.29,79.6,0.39,0.16,0.45,0.29,28.9,0.26,0.0,0.03,17.7,9.92,9.92,6.37,1.42,7.18,17.7,40.7,10.5,11.5,3.55,7.95,10.2,27.9,21.6,0.53,90,100,86.0,8.16,2.82,16,6.05,1.34,1.0,1.13,-0.13,-0.13,0.99,1.5,-0.51,-0.51,49.5,614.1,69.9,222.9,268.5,128.6,18.5,614.0,20.3,11.8,58.4,8.45,41.6,337.8,1824.7,952.3,13.7,5.0,15.7,8.97,397.8,33.2,401.4,502.7,79.8,7252.8,2442.5,171.9,195.1,88.1,173.9,201.7,86.2,45.2,79.1,57.2,0.62,-0.12,7.74,5.58,1.5,33.8
38.0,1.03,0.05,0.0,0.08,0.11,0.95,0.26,0.03,0.03,2.13,7.97,26.7,26.9,5.42,16.7,25.2,6.24,55.7,42.4,13.6,0.63,4.6,0.97,0.97,15.9,38,418,1.39,1.0,2.39,1.24,0.16,0.16,1.29,0.13,1.36,1.24,0.92,2.16,19.9,46.3,2.24,2.29,2.16,11.9,3.68,30.9,11.92,3.68,0.1,0.34,17.7,0.11,0.03,0.0,21.4,21.39,16.4,1.16,1.29,1.18,1.21,0.16,2.5,2.5,1.82,0.05,0.21,0.16,0.21,0.05,1.03,3.39,2.45,71.3,0.47,0.18,0.34,0.32,31.6,0.08,0.03,0.0,12.0,6.63,5.42,4.84,1.74,5.58,14.4,38.8,8.82,9.68,2.97,6.71,9.24,21.2,16.9,0.42,90,100,84.0,7.92,3.0,19,5.29,1.61,1.45,1.03,0.42,0.42,1.36,1.13,0.23,0.23,53.5,669.2,63.8,209.7,299.6,164.2,23.9,669.1,14.1,7.79,55.3,6.29,44.7,409.0,2190.4,1186.8,13.1,5.13,13.4,6.84,471.7,46.0,474.8,573.9,82.7,8055.1,2461.6,218.9,243.1,90.1,204.5,231.9,88.2,38.2,69.0,55.4,0.93,0.08,8.74,8.55,1.76,46.3
38.0,1.21,0.13,0.05,0.11,0.03,1.29,0.24,0.11,0.11,6.5,16.8,38.7,27.8,4.66,45.1,37.1,6.66,64.0,47.0,16.1,1.11,6.9,0.89,0.89,14.2,38,418,1.37,1.0,2.37,1.24,0.13,0.16,1.87,0.11,1.38,1.26,0.98,2.24,16.6,37.4,2.24,2.37,2.25,13.5,4.68,34.6,13.53,4.68,0.09,0.26,17.3,0.1,-0.01,-0.02,24.7,24.74,17.6,2.39,1.66,1.24,1.53,0.29,2.47,2.47,1.74,0.21,0.11,0.16,0.24,0.03,1.21,4.89,3.5,78.0,0.42,0.18,0.39,0.39,39.5,0.16,0.03,0.0,13.9,7.42,6.89,5.32,1.74,6.58,15.0,43.8,8.45,11.5,4.18,7.34,10.2,24.1,20.6,0.45,90,100,86.0,8.53,2.39,17,6.03,1.45,1.45,1.21,0.24,0.24,1.38,1.34,0.04,0.04,48.5,555.6,67.8,183.5,226.7,151.6,24.9,555.4,15.7,9.71,62.0,5.87,37.5,297.1,1588.9,806.8,12.2,5.95,15.2,8.87,337.7,36.9,340.5,447.3,76.1,6208.6,2447.6,150.8,175.1,86.1,137.4,163.4,84.1,41.3,80.9,51.1,0.83,0.02,10.6,8.5,2.0,37.4
38.0,1.21,0.16,0.0,0.21,0.05,0.94,0.24,-0.21,-0.21,5.08,13.7,37.0,33.7,4.71,32.1,32.3,6.13,47.6,39.1,12.5,0.74,5.9,0.87,0.87,13.7,38,418,1.03,0.63,1.66,0.87,0.16,0.24,1.29,0.16,1.34,1.15,0.87,2.03,18.0,39.9,1.5,2.21,2.03,12.6,3.53,28.0,12.58,3.53,0.07,0.25,17.4,0.09,-0.31,-0.28,22.3,22.29,16.5,1.97,0.89,1.45,1.11,0.34,1.66,1.66,1.24,0.16,0.03,0.11,0.13,0.0,1.21,3.29,2.13,68.0,0.24,0.37,0.39,0.32,31.6,0.18,0.0,0.03,16.5,8.79,7.82,6.61,2.11,6.63,15.9,41.8,9.24,11.0,2.55,8.42,11.2,27.7,15.9,0.21,90,100,85.0,8.03,2.84,20,5.47,1.08,1.05,1.21,-0.16,-0.16,1.34,0.93,0.41,0.41,51.1,625.2,65.5,208.6,269.2,153.4,23.3,624.9,15.1,9.21,61.1,5.84,38.7,355.0,1939.7,989.7,12.3,3.45,14.4,8.05,411.4,39.3,415.1,522.9,79.4,7453.0,2506.5,176.2,201.4,87.5,181.4,209.5,86.6,44.4,81.3,54.7,0.92,-0.24,9.42,9.42,2.11,39.9
38.0,1.45,0.08,0.0,0.21,0.03,1.29,0.26,-0.13,-0.13,8.34,22.1,37.7,22.3,3.76,69.1,47.0,7.84,85.9,59.7,15.8,0.89,5.7,2.05,2.05,18.0,38,418,0.84,0.53,1.37,0.76,0.08,0.08,1.26,0.0,1.03,0.97,0.73,1.7,10.2,26.6,1.29,1.76,1.7,10.0,3.26,32.5,10.03,3.26,0.08,0.23,17.4,0.1,-0.19,-0.21,17.5,17.53,12.4,1.87,0.74,0.95,1.34,0.24,1.37,1.37,0.84,0.16,0.11,0.08,0.13,0.05,1.45,4.71,3.29,70.9,0.26,0.24,0.5,0.29,28.9,0.08,0.0,0.0,13.3,7.71,6.34,5.34,1.66,6.03,14.8,40.6,8.82,11.6,4.74,6.84,10.9,24.3,21.7,0.29,90,100,86.0,8.92,2.13,19,6.18,1.03,0.87,1.45,-0.58,-0.58,1.03,1.44,-0.41,-0.4,42.1,510.3,57.4,152.5,239.0,123.2,18.4,510.2,10.6,6.16,58.1,4.47,42.2,243.2,1220.7,551.2,8.95,1.97,13.2,7.32,283.0,26.4,284.9,409.5,69.6,5179.4,2162.9,134.7,159.4,84.5,97.1,126.9,76.5,40.9,93.0,43.9,0.71,-0.2,7.03,7.68,2.11,26.6
38.0,0.95,0.08,0.03,0.13,0.03,0.83,0.26,-0.09,-0.1,2.45,6.66,36.8,28.1,4.45,17.7,25.7,6.08,27.7,26.6,10.8,0.53,4.9,0.82,0.82,14.7,38,418,1.47,1.0,2.47,1.26,0.21,0.26,1.34,0.08,1.64,1.43,1.09,2.53,23.6,47.3,2.26,2.74,2.53,14.4,5.08,35.3,14.37,5.08,0.09,0.25,17.1,0.1,-0.17,-0.17,26.8,26.79,20.8,2.13,1.11,1.45,1.13,0.18,2.5,2.5,1.82,0.16,0.11,0.16,0.26,0.0,0.95,2.82,1.87,69.2,0.5,0.26,0.24,0.47,47.4,0.11,0.03,0.0,16.1,8.97,6.76,7.42,1.92,6.08,15.0,40.5,8.92,11.1,2.18,8.87,10.1,26.2,17.4,0.42,90,100,84.0,8.11,2.84,22,5.47,1.76,1.53,0.95,0.58,0.58,1.64,0.8,0.85,0.85,60.9,786.5,65.8,233.7,366.2,192.3,26.8,786.2,17.3,9.45,54.6,7.84,45.4,461.0,2385.4,1270.7,17.4,6.39,15.4,7.53,575.0,47.0,578.1,678.9,85.2,9485.5,2957.7,275.1,301.4,91.3,235.9,262.5,89.9,43.9,71.1,61.7,0.98,-0.09,11.8,9.92,1.84,47.3
38.0,1.74,0.08,0.03,0.24,0.0,1.35,0.28,-0.39,-0.39,5.95,17.6,33.8,20.4,4.16,51.0,38.7,8.5,84.8,56.3,16.4,0.53,3.2,0.68,0.68,13.6,38,418,1.03,0.76,1.79,0.95,0.08,0.11,1.47,0.05,0.9,0.82,0.62,1.44,13.8,29.8,1.71,1.52,1.44,9.08,3.34,36.8,9.08,3.34,0.1,0.28,17.6,0.09,0.13,0.13,16.3,16.26,11.4,1.42,1.37,0.61,1.21,0.26,1.84,1.84,1.29,0.13,0.16,0.08,0.13,0.05,1.74,4.58,2.82,63.8,0.32,0.21,0.47,0.21,21.1,0.11,0.03,0.0,16.7,9.63,8.66,6.16,1.92,7.45,16.3,45.6,8.87,11.8,3.63,8.13,10.4,27.2,20.4,0.34,90,100,86.0,8.45,2.5,17,5.47,1.16,1.08,1.74,-0.66,-0.66,0.9,1.53,-0.64,-0.64,40.6,521.0,57.7,182.0,228.9,116.1,17.2,520.9,17.0,9.61,56.6,7.37,43.4,269.1,1488.0,707.5,10.2,3.97,15.7,10.6,303.3,29.3,306.0,410.4,74.5,5097.5,2138.8,155.0,181.1,85.6,108.6,133.9,81.1,29.8,64.4,46.2,0.62,0.14,6.95,6.11,1.42,29.8
38.0,1.26,0.08,0.03,0.13,0.03,1.26,0.28,0.02,0.02,7.05,18.2,38.7,29.2,4.66,46.8,37.5,6.63,68.3,50.7,14.7,0.66,4.5,0.92,0.92,13.1,38,418,1.18,0.84,2.03,1.08,0.11,0.13,1.55,0.05,1.2,1.1,0.81,1.91,15.9,31.2,1.92,2.01,1.91,10.4,3.76,36.2,10.39,3.76,0.1,0.29,17.2,0.11,-0.02,-0.02,18.7,18.68,13.5,1.76,0.89,1.13,1.21,0.16,2.11,2.11,1.42,0.24,0.05,0.26,0.13,0.0,1.26,4.24,3.0,72.0,0.45,0.21,0.34,0.32,31.6,0.11,0.0,0.03,16.8,10.0,8.55,6.37,1.92,7.0,17.5,40.1,10.5,12.1,4.13,7.92,10.3,27.2,22.3,0.5,90,100,85.0,8.16,2.79,19,5.42,1.55,1.24,1.26,-0.03,-0.03,1.2,1.32,-0.12,-0.12,46.4,601.2,71.8,216.7,269.9,120.7,16.9,601.1,15.6,9.53,61.3,6.03,38.7,331.7,1858.2,956.2,11.7,2.76,14.5,9.05,387.0,31.0,389.3,492.0,79.1,6927.0,2471.6,172.7,195.7,88.2,161.2,186.1,86.6,41.6,76.9,54.0,0.76,0.03,7.89,6.76,1.58,31.2
38.0,1.39,0.18,0.0,0.08,0.03,1.43,0.29,0.07,0.07,3.95,10.6,37.3,21.1,4.71,32.5,30.0,6.79,55.0,39.5,13.6,0.71,5.2,0.87,0.87,13.0,38,418,0.68,0.47,1.16,0.61,0.08,0.16,1.76,0.08,1.07,0.94,0.69,1.64,19.1,35.6,1.08,1.76,1.64,11.5,3.29,28.7,11.47,3.29,0.05,0.18,18.3,0.08,-0.38,-0.34,20.7,20.66,15.2,1.71,1.39,0.92,1.24,0.16,1.24,1.24,0.87,0.05,0.11,0.08,0.11,0.03,1.39,4.47,3.11,72.9,0.13,0.34,0.53,0.24,23.7,0.18,0.0,0.0,15.8,8.66,7.42,6.08,2.32,6.68,15.3,43.7,8.61,9.37,2.5,6.87,11.5,27.3,20.9,0.34,90,100,85.0,8.05,2.89,19,5.34,0.74,0.71,1.39,-0.68,-0.68,1.07,1.38,-0.32,-0.32,49.7,626.6,63.3,212.2,274.7,146.5,19.2,626.4,20.9,13.3,63.6,7.61,36.4,353.1,1956.7,984.1,13.9,4.11,19.0,10.3,402.4,35.2,405.3,513.5,78.9,7122.1,2484.1,180.3,206.2,87.4,171.8,200.3,85.8,40.2,75.4,53.3,0.67,-0.22,8.79,7.63,2.47,35.6
38.0,1.42,0.21,0.03,0.29,0.05,1.31,0.21,-0.06,-0.06,2.76,8.39,32.9,30.7,8.05,19.1,27.1,7.84,32.2,28.9,12.6,0.74,5.9,0.53,0.53,11.8,38,418,1.58,1.18,2.76,1.47,0.11,0.11,1.61,0.03,1.46,1.38,1.1,2.48,21.3,43.0,2.66,2.57,2.48,13.6,5.08,37.3,13.63,5.08,0.11,0.29,16.9,0.1,0.12,0.09,24.3,24.32,18.4,1.92,1.18,1.66,0.82,0.29,2.84,2.84,2.13,0.16,0.21,0.21,0.13,0.0,1.42,5.21,3.82,76.8,0.47,0.13,0.39,0.32,31.6,0.24,0.03,0.0,19.5,11.0,9.95,7.34,2.18,8.16,20.2,40.3,12.1,10.7,3.92,6.76,10.4,29.9,17.0,0.68,90,100,83.0,8.21,2.82,25,5.5,1.55,1.63,1.42,0.21,0.21,1.46,1.52,-0.06,-0.06,57.3,654.6,72.4,238.0,272.2,149.9,23.2,654.4,14.8,8.37,56.5,6.45,43.5,370.2,2116.9,1180.7,12.9,4.16,17.6,8.39,425.1,42.8,428.5,542.9,78.9,7539.2,2612.5,183.4,208.8,87.9,187.6,218.6,85.8,42.9,79.3,54.1,0.91,0.08,10.4,9.18,1.79,43.0
38.0,1.32,0.11,0.0,0.24,0.05,1.11,0.29,-0.15,-0.15,4.18,11.2,37.4,27.3,4.76,32.1,33.2,5.53,43.8,37.9,12.7,0.53,4.1,0.5,0.5,13.6,38,418,1.68,1.18,2.87,1.42,0.26,0.32,1.61,0.0,1.47,1.22,0.89,2.11,17.5,38.5,2.61,2.36,2.11,12.4,4.47,35.9,12.45,4.47,0.11,0.32,18.6,0.1,0.22,0.2,22.7,22.71,16.7,1.29,1.47,1.21,1.42,0.61,3.0,3.0,2.24,0.08,0.21,0.11,0.26,0.11,1.32,3.58,2.32,66.2,0.53,0.16,0.32,0.29,28.9,0.11,0.0,0.0,17.9,10.6,8.39,6.92,2.61,7.76,17.8,43.6,10.0,10.2,2.37,7.79,11.5,29.4,18.0,0.24,90,100,85.0,8.42,2.61,22,5.68,1.74,1.79,1.32,0.47,0.47,1.47,1.21,0.26,0.26,54.3,667.5,59.7,208.5,315.7,149.3,20.3,667.2,17.0,9.42,55.5,7.55,44.5,368.2,1903.7,975.6,12.7,3.74,14.4,8.47,444.3,38.3,447.7,558.3,80.2,7510.4,2476.1,207.7,236.3,87.9,184.5,213.5,86.4,38.4,72.0,53.4,0.79,0.3,9.47,7.45,1.5,38.5
38.0,1.11,0.11,0.03,0.16,0.0,1.16,0.29,0.05,0.05,2.29,6.24,36.7,29.1,5.16,16.4,26.2,5.5,26.8,29.5,10.6,0.55,5.2,2.5,2.5,18.4,38,418,1.71,1.13,2.84,1.55,0.16,0.16,1.05,0.0,1.78,1.66,1.27,2.93,23.3,54.1,2.68,3.05,2.93,15.8,5.37,33.9,15.84,5.37,0.1,0.29,17.1,0.11,-0.07,-0.1,28.1,28.11,21.5,1.87,1.53,1.61,1.21,0.37,2.89,2.89,2.03,0.16,0.11,0.37,0.16,0.08,1.11,3.68,2.55,72.9,0.53,0.24,0.24,0.32,31.6,0.21,0.03,0.08,13.8,7.97,5.13,6.08,2.63,5.79,14.3,40.5,8.5,8.89,1.53,7.37,9.13,23.0,14.8,0.53,90,100,85.0,8.26,2.74,19,5.58,1.82,1.79,1.11,0.68,0.68,1.78,1.13,0.64,0.65,62.1,791.4,54.6,189.9,391.2,216.9,31.9,791.2,18.3,10.7,58.5,7.58,41.4,502.7,2532.1,1336.3,19.8,6.55,15.6,10.2,573.6,53.7,577.1,690.2,83.6,9499.7,3036.8,283.9,312.2,91.0,230.2,261.6,88.0,45.1,78.1,57.8,1.2,-0.14,12.0,13.8,2.16,54.1
38.0,0.84,0.21,0.0,0.08,0.03,0.84,0.23,0.03,0.03,2.84,7.13,39.9,26.4,4.5,20.1,28.2,4.29,42.3,37.9,8.76,0.5,5.7,1.16,1.16,16.6,38,418,2.16,1.45,3.61,2.03,0.13,0.24,1.21,0.05,1.79,1.61,1.19,2.81,28.8,54.0,3.47,2.99,2.81,15.5,5.55,35.8,15.53,5.55,0.13,0.36,17.2,0.11,0.36,0.42,28.1,28.08,21.1,1.61,2.37,1.5,1.13,0.39,3.71,3.71,2.63,0.08,0.45,0.34,0.16,0.05,0.84,2.63,1.76,76.0,0.71,0.13,0.16,0.5,50.0,0.26,0.05,0.0,13.1,7.13,5.21,5.58,2.32,6.16,15.2,40.6,9.0,8.16,2.16,6.0,8.39,21.5,11.9,0.29,90,100,86.0,8.92,2.03,22,6.32,2.26,2.18,0.84,1.34,1.34,1.79,0.79,1.0,1.0,63.5,807.9,50.3,170.4,420.0,223.8,31.5,807.7,20.6,12.8,61.9,7.84,38.1,527.3,2800.6,1564.3,22.7,8.95,13.4,9.21,622.1,53.5,626.8,714.9,87.7,10268.7,2919.8,303.9,326.6,93.1,254.6,279.7,91.0,46.6,68.8,67.7,1.14,0.25,11.4,10.8,1.08,54.0
38.0,1.16,0.11,0.03,0.24,0.05,1.03,0.25,-0.07,-0.07,2.26,7.0,32.3,17.0,4.05,28.1,30.1,7.0,31.6,29.4,12.6,0.29,2.3,1.24,1.24,17.0,38,418,1.84,1.34,3.18,1.58,0.26,0.29,1.68,0.03,1.58,1.35,1.09,2.45,23.1,48.2,2.92,2.68,2.45,13.6,5.16,38.1,13.55,5.16,0.12,0.31,18.1,0.1,0.26,0.23,25.1,25.08,18.9,1.92,1.21,1.53,1.21,0.26,3.34,3.34,2.47,0.13,0.21,0.24,0.24,0.05,1.16,3.71,2.58,71.6,0.55,0.29,0.16,0.34,34.2,0.11,0.0,0.0,14.5,8.18,6.63,6.29,1.58,6.08,15.1,40.4,8.97,11.0,3.05,7.95,10.2,24.7,16.7,0.53,90,100,86.0,8.37,2.61,18,5.76,1.95,1.92,1.16,0.76,0.76,1.58,1.09,0.49,0.49,55.7,700.4,58.5,200.2,314.5,192.7,24.2,700.2,18.7,10.9,58.4,7.71,41.2,407.4,2339.2,1249.9,17.5,5.29,14.1,9.47,491.4,47.8,494.8,595.4,83.1,8169.9,2652.9,243.4,270.0,90.1,191.0,217.2,87.9,42.0,68.0,61.8,1.01,0.25,10.9,9.92,1.42,48.2
38.0,1.63,0.11,0.03,0.11,0.08,1.42,0.26,-0.14,-0.14,6.45,17.7,36.5,21.6,4.18,52.8,40.1,8.89,70.4,50.0,17.0,0.71,4.2,0.55,0.55,10.5,38,418,1.16,0.68,1.84,1.0,0.16,0.18,1.71,0.08,1.14,0.99,0.76,1.76,12.3,23.8,1.68,1.91,1.76,10.3,3.42,33.3,10.26,3.42,0.1,0.29,18.3,0.1,0.02,0.01,18.1,18.11,11.9,2.24,1.34,0.95,1.47,0.16,1.97,1.97,1.21,0.18,0.16,0.18,0.18,0.05,1.63,4.95,3.37,69.1,0.32,0.24,0.45,0.18,18.4,0.13,0.03,0.0,13.5,7.05,6.76,5.61,1.11,5.45,14.4,37.8,8.95,11.1,4.21,6.92,9.53,23.0,23.9,0.26,90,100,85.0,8.05,2.87,19,5.5,1.18,1.21,1.63,-0.42,-0.42,1.14,1.53,-0.39,-0.39,38.8,494.1,66.4,188.6,207.7,103.7,14.5,493.9,15.4,9.21,59.6,6.24,40.4,252.8,1350.2,650.2,9.89,3.0,13.7,7.82,282.4,23.4,285.2,387.1,73.7,5188.4,2028.9,127.1,148.3,85.7,110.4,135.0,81.8,36.5,75.8,48.2,0.56,-0.08,7.61,5.45,2.18,23.8
38.0,1.66,0.08,0.0,0.21,0.08,1.43,0.26,-0.15,-0.15,6.92,21.5,32.2,22.8,3.37,64.5,45.5,7.39,91.8,64.5,15.2,0.87,5.7,0.89,0.89,12.8,38,418,0.5,0.34,0.84,0.42,0.08,0.11,1.92,0.08,0.86,0.78,0.66,1.43,12.9,31.5,0.76,1.52,1.43,8.39,2.42,28.8,8.39,2.42,0.05,0.17,17.7,0.09,-0.36,-0.36,14.9,14.92,11.4,1.26,0.71,0.76,0.61,0.13,0.71,0.71,0.42,0.08,0.05,0.08,0.08,0.0,1.66,5.42,3.82,70.9,0.18,0.05,0.76,0.13,13.2,0.11,0.0,0.03,16.7,9.37,8.55,6.29,1.84,7.74,18.9,40.8,11.2,11.6,4.0,7.63,9.24,25.9,22.1,0.5,90,100,83.0,8.29,2.71,25,5.21,0.61,0.53,1.66,-1.13,-1.13,0.86,1.64,-0.78,-0.78,41.7,535.6,60.9,168.6,226.3,145.7,16.2,535.4,12.5,7.08,56.6,5.45,43.6,267.8,1430.1,711.3,10.5,2.74,14.1,8.5,316.8,31.1,319.6,428.0,74.7,5460.8,2068.1,158.1,181.7,87.0,114.0,139.6,81.7,33.6,74.7,45.0,0.58,-0.31,6.66,6.66,1.71,31.5
38.0,1.79,0.21,0.03,0.08,0.03,1.48,0.27,-0.28,-0.28,3.66,15.0,24.4,29.1,4.18,38.4,32.6,6.18,61.3,42.0,13.3,0.76,5.7,1.18,1.18,15.6,38,418,1.24,0.87,2.11,1.11,0.13,0.16,1.37,0.08,1.08,0.96,0.68,1.64,16.5,31.4,1.97,1.77,1.64,11.0,4.13,37.6,11.0,4.13,0.1,0.27,18.6,0.09,0.15,0.14,19.2,19.16,13.5,1.66,1.11,1.24,1.34,0.32,2.18,2.18,1.29,0.21,0.16,0.18,0.29,0.05,1.79,4.68,2.89,66.3,0.32,0.18,0.5,0.24,23.7,0.24,0.03,0.0,19.1,11.0,8.82,8.55,1.76,8.97,19.2,46.6,10.3,11.6,2.5,9.05,10.6,29.7,17.9,0.26,90,100,85.0,8.26,2.66,19,5.66,1.13,1.24,1.79,-0.55,-0.55,1.08,1.4,-0.31,-0.31,52.0,621.2,60.6,197.3,304.4,125.2,18.4,621.1,15.8,9.03,57.1,6.79,42.9,329.9,1741.4,882.5,13.6,3.32,16.8,10.2,389.9,31.3,392.8,507.6,77.4,6290.2,2248.7,199.7,227.9,87.6,148.1,176.1,84.1,28.9,67.0,43.1,0.58,0.19,7.74,6.87,0.95,31.4
38.0,1.18,0.26,0.0,0.08,0.08,1.2,0.24,0.09,0.1,4.18,10.7,39.0,21.4,4.74,38.6,32.4,6.95,35.6,28.1,15.5,0.61,3.9,0.63,0.63,13.1,38,418,1.74,1.32,3.05,1.61,0.13,0.13,1.5,0.05,1.4,1.29,0.93,2.22,16.7,35.0,2.92,2.33,2.22,11.5,4.39,38.1,11.53,4.39,0.14,0.37,18.0,0.12,0.34,0.31,20.7,20.68,14.6,1.45,1.47,1.29,1.47,0.45,3.16,3.16,2.26,0.16,0.34,0.21,0.16,0.03,1.18,4.08,2.97,77.4,0.47,0.21,0.32,0.32,31.6,0.26,0.0,0.0,16.7,9.5,8.24,6.42,2.08,7.29,18.0,40.6,10.7,11.4,3.87,7.55,9.0,25.7,20.9,0.39,90,100,85.0,8.03,2.95,20,5.37,1.63,1.79,1.18,0.61,0.61,1.4,1.29,0.11,0.1,51.6,649.2,67.8,210.3,314.1,131.5,18.4,649.1,18.8,10.6,56.4,8.21,43.6,364.3,1922.6,978.5,13.3,4.0,13.7,8.79,431.7,34.6,434.4,541.3,80.2,7234.5,2476.3,205.3,232.3,88.4,172.7,200.1,86.3,36.7,70.3,52.1,0.67,0.39,8.32,6.76,1.42,35.0
38.0,2.0,0.18,0.05,0.21,0.08,1.79,0.25,-0.13,-0.13,7.92,24.1,32.9,26.8,4.82,63.7,44.9,8.11,86.7,57.1,17.6,0.53,3.0,1.0,1.0,13.8,38,418,0.87,0.53,1.39,0.76,0.11,0.11,1.34,0.11,0.94,0.86,0.64,1.5,11.6,27.0,1.29,1.59,1.5,8.82,2.79,31.6,8.82,2.79,0.09,0.27,18.4,0.1,-0.07,-0.1,14.9,14.95,10.7,1.58,0.68,0.71,1.03,0.24,1.39,1.39,1.05,0.08,0.03,0.08,0.13,0.03,2.0,6.32,4.37,71.3,0.13,0.29,0.58,0.16,15.8,0.29,0.03,0.08,15.3,8.63,8.66,5.05,1.58,7.13,17.3,41.3,10.1,12.0,4.18,7.79,11.4,26.7,23.1,0.34,90,100,84.0,8.18,2.74,22,5.55,0.68,0.92,2.0,-1.08,-1.08,0.94,1.79,-0.84,-0.84,37.9,480.2,66.8,175.5,197.8,111.5,15.2,480.1,13.3,6.95,52.3,6.34,47.7,217.4,1180.6,566.5,7.45,2.71,16.1,8.24,254.4,26.8,257.1,367.8,69.9,4671.1,1993.3,116.3,138.9,83.7,97.3,125.9,77.3,33.5,76.9,43.5,0.56,-0.12,6.34,5.16,1.58,27.0
38.0,1.24,0.08,0.0,0.18,0.11,1.11,0.27,-0.03,-0.03,6.58,17.1,38.6,20.6,4.18,54.9,40.5,7.76,74.2,51.4,14.9,0.68,4.6,0.45,0.45,11.0,38,418,1.58,1.21,2.79,1.53,0.05,0.11,1.32,0.08,1.46,1.37,1.04,2.41,17.3,33.7,2.74,2.5,2.41,12.2,4.16,34.1,12.21,4.16,0.13,0.37,16.1,0.12,0.12,0.16,21.7,21.66,15.2,2.42,0.97,1.47,1.39,0.24,2.79,2.79,1.92,0.32,0.03,0.34,0.18,0.0,1.24,3.87,2.71,70.1,0.5,0.21,0.29,0.29,28.9,0.13,0.03,0.03,13.5,7.37,7.08,5.13,1.32,5.89,15.1,39.1,9.18,10.7,3.26,7.39,11.5,25.0,20.5,0.29,90,100,86.0,8.32,2.61,17,5.63,1.71,1.63,1.24,0.39,0.39,1.46,1.28,0.18,0.18,43.2,547.6,60.4,174.7,245.9,133.2,20.0,547.5,14.3,7.84,55.0,6.42,45.0,288.4,1666.7,800.4,12.0,4.0,12.9,8.37,331.7,33.2,334.9,444.8,75.3,5938.6,2336.6,154.9,180.6,85.8,130.2,159.3,81.8,38.7,75.3,51.4,0.84,0.17,8.95,6.26,2.5,33.7
38.0,1.37,0.18,0.03,0.24,0.08,1.22,0.25,-0.07,-0.07,4.24,10.2,41.4,14.7,4.11,43.3,35.4,7.18,53.8,36.7,15.2,0.63,4.2,0.32,0.32,10.5,38,418,0.89,0.55,1.45,0.79,0.11,0.11,1.45,0.03,0.96,0.88,0.63,1.52,21.1,33.8,1.34,1.6,1.51,12.1,3.92,32.5,12.08,3.92,0.07,0.2,18.5,0.08,-0.07,-0.09,21.6,21.61,15.1,1.95,1.79,1.24,1.21,0.37,1.66,1.66,1.03,0.11,0.18,0.18,0.13,0.03,1.37,4.0,2.68,70.4,0.32,0.24,0.45,0.26,26.3,0.21,0.03,0.0,15.5,8.82,8.47,5.79,1.21,7.29,16.1,45.3,8.79,9.45,3.08,6.37,11.4,26.8,19.1,0.39,90,100,85.0,8.24,2.79,19,5.37,1.18,0.95,1.37,-0.42,-0.42,0.96,1.3,-0.34,-0.34,49.3,612.1,57.6,190.7,290.0,137.0,18.3,612.0,20.5,12.3,60.1,8.18,39.9,349.3,1918.6,1015.2,14.9,4.66,15.6,8.13,405.4,33.3,409.2,505.9,80.9,7238.4,2447.7,183.9,205.2,89.7,166.3,193.2,86.1,45.8,77.5,59.2,0.63,-0.08,9.08,5.61,2.24,33.8
38.0,1.26,0.18,0.0,0.24,0.0,1.36,0.23,0.1,0.1,2.42,9.58,25.3,25.4,6.13,24.8,28.8,8.26,39.8,35.5,15.9,0.66,4.1,1.11,1.11,15.2,38,418,1.47,0.92,2.39,1.39,0.08,0.08,2.32,0.13,1.24,1.17,0.83,2.0,21.4,43.2,2.32,2.06,2.0,10.6,3.84,36.2,10.61,3.84,0.13,0.36,16.4,0.11,0.24,0.22,18.7,18.66,13.2,1.55,1.37,1.26,0.87,0.42,2.24,2.24,1.5,0.13,0.11,0.24,0.11,0.16,1.26,5.08,3.79,78.8,0.37,0.37,0.26,0.26,26.3,0.21,0.03,0.0,15.4,8.84,7.79,5.71,1.87,6.55,16.1,40.7,9.55,10.5,3.71,6.76,9.24,24.6,19.8,0.47,90,100,83.0,,3.24,21,4.29,1.47,1.47,1.26,0.21,0.21,1.24,1.46,-0.22,-0.22,53.8,642.7,72.0,220.2,280.2,148.1,21.6,642.7,18.3,10.8,59.0,7.53,41.0,379.2,2238.7,1229.2,14.1,5.5,14.4,9.74,434.9,42.9,437.7,537.1,81.5,7701.5,2485.5,191.0,213.2,89.6,192.1,219.2,87.6,42.0,72.9,57.6,0.75,0.09,7.84,8.18,1.66,43.2
38.0,1.76,0.13,0.03,0.24,0.03,1.36,0.25,-0.38,-0.38,6.32,17.5,36.1,22.7,4.71,50.1,38.7,9.03,67.9,49.4,16.5,0.61,3.7,0.74,0.74,13.5,38,418,1.05,0.84,1.89,1.03,0.03,0.08,1.84,0.03,1.17,1.1,0.9,2.0,16.8,32.8,1.87,2.06,2.0,11.9,3.87,32.5,11.92,3.87,0.09,0.27,17.5,0.09,-0.11,-0.07,21.8,21.79,15.8,2.32,1.11,0.95,1.47,0.18,1.89,1.89,1.26,0.21,0.13,0.11,0.18,0.0,1.76,4.79,3.03,65.9,0.24,0.21,0.55,0.18,18.4,0.16,0.03,0.0,13.8,7.66,7.5,4.58,1.68,5.87,15.7,37.4,9.84,12.0,4.84,7.16,11.1,24.9,24.4,0.68,90,100,84.0,,2.97,22,4.55,0.92,1.08,1.76,-0.68,-0.68,1.17,1.78,-0.62,-0.62,44.1,525.7,69.9,185.2,215.9,130.8,18.3,525.6,15.0,9.26,61.9,5.71,38.1,271.5,1615.1,830.4,12.5,3.66,14.4,8.24,303.8,32.3,306.6,412.4,74.3,5723.1,2215.9,133.5,155.1,86.1,126.6,154.8,81.8,38.9,79.0,49.3,0.73,-0.06,9.71,7.11,2.5,32.8
38.0,1.71,0.13,0.11,0.11,0.0,1.65,0.3,-0.06,-0.06,4.87,16.2,30.0,22.8,5.0,47.5,39.0,7.76,69.5,53.2,15.9,0.53,3.3,0.68,0.68,11.7,38,418,1.0,0.63,1.63,0.89,0.11,0.11,2.05,0.08,1.18,1.1,0.81,1.9,15.8,33.1,1.53,1.98,1.9,10.1,3.08,30.4,10.13,3.08,0.09,0.29,17.3,0.11,-0.18,-0.2,17.6,17.61,12.4,1.82,0.89,1.03,1.24,0.21,1.66,1.66,0.95,0.16,0.18,0.21,0.16,0.0,1.71,5.05,3.32,68.8,0.24,0.18,0.58,0.13,13.2,0.16,0.03,0.0,13.3,7.87,6.68,5.42,1.24,5.45,14.9,36.5,9.47,11.6,4.21,7.34,12.5,25.8,26.5,0.42,90,100,84.0,,2.84,23,4.63,0.89,1.05,1.71,-0.66,-0.66,1.18,1.64,-0.46,-0.46,44.1,549.3,67.3,196.6,228.5,129.4,18.9,549.2,15.8,8.55,54.0,7.29,46.0,317.6,1650.6,821.4,11.2,3.58,15.0,10.1,314.4,32.6,316.9,431.2,73.5,5496.6,2171.3,152.6,179.8,84.9,123.4,153.2,80.6,32.4,69.9,46.4,0.68,-0.17,7.37,5.97,1.29,33.1
38.0,1.42,0.05,0.0,0.18,0.05,1.32,0.29,-0.05,-0.05,5.45,10.8,50.2,31.6,6.71,25.3,29.0,7.21,39.4,33.4,13.8,0.53,3.8,0.68,0.68,13.7,38,418,0.92,0.63,1.55,0.89,0.03,0.05,1.55,0.05,1.19,1.15,0.83,1.98,17.6,44.1,1.53,2.03,1.99,12.1,3.66,30.2,12.11,3.66,0.07,0.24,17.6,0.1,-0.27,-0.26,21.2,21.16,15.8,1.92,1.03,1.26,1.05,0.13,1.71,1.71,1.16,0.24,0.13,0.05,0.13,0.0,1.42,4.42,3.05,69.0,0.24,0.37,0.39,0.24,23.7,0.05,0.0,0.0,16.9,9.97,7.76,7.08,2.03,6.45,16.9,38.2,10.4,11.5,3.61,7.89,11.0,27.9,19.7,0.39,90,100,84.0,,3.37,20,4.08,1.08,1.03,1.42,-0.39,-0.39,1.19,1.45,-0.25,-0.25,52.2,641.8,71.6,215.1,282.2,149.8,20.3,641.7,15.4,8.82,57.4,6.55,42.6,344.1,1946.1,997.3,13.2,4.34,16.5,10.5,415.3,43.7,417.9,527.8,79.2,7649.1,2696.9,177.8,205.3,86.6,187.9,217.5,86.4,44.8,79.0,56.6,0.72,-0.2,9.03,7.74,1.63,44.1
38.0,1.32,0.11,0.0,0.18,0.03,1.2,0.25,-0.09,-0.09,6.92,22.9,30.2,23.2,4.74,67.6,47.1,8.0,89.8,63.7,16.4,1.37,8.3,1.26,1.26,14.9,38,418,1.08,0.79,1.87,1.0,0.08,0.08,1.76,0.0,1.25,1.19,0.85,2.04,11.5,23.4,1.79,2.1,2.04,10.1,3.26,32.3,10.11,3.26,0.1,0.31,16.4,0.12,-0.17,-0.19,17.6,17.55,12.1,2.18,0.71,1.16,1.18,0.24,1.87,1.87,1.24,0.26,0.11,0.16,0.08,0.03,1.32,4.39,3.08,72.5,0.39,0.24,0.37,0.39,39.5,0.13,0.03,0.0,14.4,9.05,6.26,6.34,1.79,6.32,15.4,41.0,9.08,11.8,4.61,7.24,10.2,24.6,23.7,0.39,90,100,86.0,,1.95,20,5.42,1.42,1.13,1.32,-0.18,-0.18,1.25,1.31,-0.06,-0.06,41.9,495.4,58.5,147.3,236.7,116.1,16.2,495.3,11.9,6.47,54.2,5.47,45.8,232.3,1224.9,569.8,9.26,1.87,13.4,7.66,262.3,23.2,264.4,386.7,68.4,4784.1,2002.2,123.7,147.2,84.0,97.0,127.7,75.9,34.1,84.8,40.2,0.75,-0.06,7.37,5.71,2.61,23.4
38.0,1.42,0.05,0.05,0.24,0.08,0.99,0.31,-0.36,-0.36,2.68,7.95,33.8,27.1,4.42,22.0,28.7,5.95,33.6,32.7,10.2,0.55,5.4,1.0,1.0,16.0,38,418,1.82,1.21,3.03,1.63,0.18,0.18,1.58,0.0,1.82,1.69,1.23,2.92,25.9,49.9,2.84,3.05,2.92,16.3,5.53,34.0,16.26,5.53,0.1,0.3,16.6,0.11,-0.01,-0.06,29.5,29.5,22.3,2.26,1.5,1.68,1.37,0.39,3.24,3.24,2.26,0.16,0.26,0.24,0.26,0.05,1.42,3.03,1.68,54.8,0.53,0.16,0.32,0.24,23.7,0.05,0.0,0.0,16.8,9.53,8.0,6.79,2.0,6.47,15.9,40.7,9.42,9.5,2.39,7.11,12.1,28.9,16.6,0.37,90,100,84.0,,3.08,20,4.37,1.74,1.82,1.42,0.39,0.39,1.82,1.02,0.81,0.81,60.4,776.0,60.0,218.7,368.3,195.3,28.0,775.8,18.9,12.1,64.1,6.79,35.9,486.5,2595.7,1359.0,19.1,5.84,15.3,10.9,548.6,49.5,551.5,663.5,83.1,9265.5,2867.5,256.7,286.9,89.5,224.4,255.2,87.9,48.5,78.7,61.7,1.11,-0.02,12.1,10.8,2.84,49.9
38.0,1.32,0.0,0.03,0.13,0.05,1.47,0.34,0.2,0.2,6.24,18.7,33.4,22.3,4.74,53.4,39.6,8.24,82.1,57.4,17.1,0.61,3.5,0.71,0.71,12.4,38,418,0.76,0.53,1.29,0.68,0.08,0.08,1.63,0.05,0.94,0.88,0.68,1.57,15.7,32.2,1.21,1.63,1.57,9.82,3.03,30.8,9.82,3.03,0.07,0.23,17.0,0.09,-0.18,-0.2,16.9,16.92,11.2,1.79,1.5,0.95,1.21,0.24,1.39,1.39,0.97,0.08,0.11,0.11,0.13,0.0,1.32,4.53,3.26,70.9,0.29,0.26,0.45,0.26,26.3,0.03,0.0,0.03,18.1,10.3,9.66,6.42,1.97,8.32,18.7,44.4,10.4,10.5,3.55,6.95,11.7,29.7,22.5,0.47,90,100,85.0,,2.58,20,4.87,1.13,0.82,1.32,-0.5,-0.5,0.94,1.5,-0.56,-0.56,44.8,550.7,62.6,191.5,237.3,128.3,20.9,550.7,18.4,11.4,61.9,7.0,38.1,271.2,1540.0,771.1,11.3,5.21,16.1,12.6,320.7,31.8,323.0,431.4,74.9,5601.6,2287.4,154.1,179.5,85.9,123.1,150.3,81.9,34.4,72.3,47.6,0.64,-0.16,6.97,6.39,1.24,32.2
38.0,1.47,0.08,0.08,0.13,0.08,1.32,0.32,-0.07,-0.07,7.11,19.2,37.0,29.3,5.13,50.8,40.1,6.95,62.1,48.5,13.4,0.63,4.7,0.66,0.66,13.4,38,418,1.11,0.84,1.95,1.08,0.03,0.03,2.0,0.08,1.34,1.32,1.0,2.32,16.4,37.6,1.92,2.34,2.32,12.3,4.18,34.0,12.32,4.18,0.09,0.26,16.4,0.11,-0.23,-0.24,21.2,21.18,14.1,2.26,1.24,1.82,1.34,0.42,1.76,1.76,1.24,0.11,0.11,0.24,0.08,0.0,1.47,3.87,2.47,63.9,0.34,0.26,0.39,0.24,23.7,0.11,0.0,0.03,17.7,10.7,8.63,6.89,2.13,7.42,17.7,42.0,10.3,9.79,2.92,6.87,10.7,28.4,20.5,0.34,90,100,83.0,,3.16,24,4.32,1.29,1.16,1.47,-0.32,-0.32,1.34,1.27,0.07,0.07,49.0,579.9,66.2,194.4,251.6,139.5,22.1,579.8,16.0,9.84,61.4,6.18,38.6,327.2,1721.8,857.6,13.2,3.84,15.6,9.08,351.2,37.4,353.5,466.7,75.7,6547.9,2494.7,149.2,176.9,84.3,145.9,174.8,83.5,45.5,82.3,55.3,0.83,-0.16,8.95,7.58,2.45,37.6
38.0,1.08,0.21,0.0,0.13,0.05,1.17,0.26,0.14,0.14,4.74,10.5,45.2,25.0,4.18,31.5,33.0,6.34,40.7,36.1,13.3,0.37,2.8,0.89,0.89,17.2,38,418,1.71,1.26,2.97,1.58,0.13,0.18,1.13,0.08,1.64,1.49,1.18,2.67,19.4,42.4,2.84,2.82,2.67,14.0,4.82,34.3,14.03,4.82,0.11,0.33,17.4,0.11,0.07,0.09,25.5,25.5,18.6,1.92,1.97,1.26,1.47,0.26,3.05,3.05,2.39,0.08,0.29,0.11,0.13,0.05,1.08,3.55,2.47,75.6,0.47,0.21,0.32,0.34,34.2,0.26,0.05,0.0,19.5,11.4,9.13,8.42,1.97,7.84,19.1,41.1,11.2,11.1,2.42,8.63,11.1,30.7,20.2,0.42,90,100,84.0,,2.95,21,4.53,1.63,1.76,1.08,0.68,0.68,1.64,1.2,0.44,0.44,57.1,690.7,57.6,205.6,321.7,168.8,24.3,690.5,18.1,9.92,54.8,8.18,45.2,421.5,2031.1,1041.7,14.8,5.87,15.8,8.63,460.1,42.1,463.2,573.7,80.7,8015.0,2694.5,211.0,237.3,88.9,195.1,226.3,86.2,43.6,76.7,56.8,0.93,0.08,10.7,8.24,1.89,42.4
38.0,0.87,0.03,0.03,0.05,0.03,0.71,0.25,-0.13,-0.13,3.18,7.58,42.0,26.8,5.03,21.9,28.7,6.24,27.4,30.4,11.2,0.45,4.0,2.03,2.03,18.3,38,418,2.18,1.82,4.0,2.05,0.13,0.13,1.0,0.03,1.81,1.71,1.39,3.11,25.4,51.1,3.87,3.21,3.1,15.4,5.89,38.2,15.42,5.89,0.13,0.35,16.5,0.11,0.37,0.34,27.5,27.47,21.1,2.03,1.58,1.42,0.95,0.45,3.89,3.89,2.84,0.29,0.26,0.24,0.21,0.05,0.87,2.82,1.97,70.1,0.84,0.08,0.08,0.39,39.5,0.03,0.0,0.0,14.5,8.55,5.13,6.39,2.95,5.71,15.5,36.9,9.76,7.95,1.79,6.16,9.26,23.7,16.7,0.66,90,100,85.0,,3.34,17,4.13,2.61,2.24,0.87,1.37,1.37,1.81,0.99,0.82,0.82,62.9,782.8,54.7,188.6,391.8,208.1,31.4,782.7,17.3,10.2,58.8,7.13,41.2,530.7,2489.7,1320.9,20.6,6.63,16.0,8.05,556.6,50.7,559.9,681.3,82.2,9757.8,3080.5,251.5,280.2,89.8,237.0,272.2,87.1,53.6,91.0,58.9,1.23,0.42,11.9,12.6,2.45,51.1
38.0,0.92,0.08,0.03,0.11,0.03,0.9,0.29,0.0,0.0,2.42,5.97,40.5,27.6,5.13,16.6,26.2,4.39,31.7,31.6,8.5,0.39,4.6,1.68,1.69,18.9,38,418,2.63,1.82,4.45,2.47,0.16,0.29,1.68,0.11,2.42,2.2,1.8,4.0,31.6,64.7,4.29,4.22,4.0,19.3,6.58,34.0,19.34,6.58,0.13,0.38,16.4,0.12,0.21,0.27,35.7,35.68,27.4,1.89,2.66,1.97,1.39,0.39,4.55,4.55,3.24,0.16,0.42,0.37,0.32,0.05,0.92,2.89,2.0,70.9,0.68,0.08,0.24,0.45,44.7,0.08,0.0,0.0,13.5,7.92,5.37,5.53,2.63,6.05,15.9,38.0,9.87,7.68,1.74,5.95,9.26,22.8,13.0,0.55,90,100,83.0,,3.16,22,4.37,2.13,2.68,0.92,1.76,1.76,2.42,0.95,1.47,1.47,66.2,839.1,52.9,179.1,410.8,255.8,38.8,838.8,19.0,12.8,67.5,6.18,32.6,605.8,3113.9,1748.1,25.4,9.92,12.0,8.97,642.8,64.6,646.2,741.8,87.1,10790.5,3090.3,309.8,334.6,92.6,258.4,286.4,90.2,55.8,78.0,71.6,1.65,0.02,15.3,14.6,2.34,64.7
38.0,0.95,0.08,0.03,0.21,0.03,0.91,0.25,-0.01,-0.01,2.18,6.89,31.7,17.7,4.03,28.4,30.6,7.05,26.5,29.0,12.9,0.26,2.0,0.58,0.58,15.0,38,418,1.71,1.13,2.84,1.45,0.26,0.37,1.92,0.0,1.64,1.35,1.01,2.36,24.4,47.1,2.58,2.65,2.36,13.9,5.29,37.9,13.95,5.29,0.1,0.27,19.1,0.1,0.07,0.1,25.7,25.74,20.2,1.32,1.63,0.95,1.47,0.21,2.95,2.95,2.26,0.11,0.18,0.05,0.32,0.03,0.95,3.45,2.53,74.8,0.47,0.32,0.21,0.34,34.2,0.08,0.0,0.0,15.2,8.76,7.03,6.08,2.13,6.68,16.7,40.1,10.0,9.47,2.61,6.87,9.97,25.2,18.5,0.37,90,100,85.0,,3.13,16,4.34,1.74,1.74,0.95,0.79,0.79,1.64,0.99,0.64,0.64,55.8,679.9,57.0,190.1,311.6,184.0,23.1,679.6,19.7,11.7,59.7,7.92,40.3,381.5,2184.6,1217.9,17.9,6.71,14.7,10.4,464.0,46.8,466.9,571.7,81.7,7756.1,2505.5,228.9,256.6,89.2,181.3,209.4,86.6,40.9,69.6,58.8,0.95,0.12,10.6,8.97,1.32,47.1
38.0,1.53,0.05,0.08,0.21,0.05,1.66,0.32,0.18,0.18,7.58,19.7,38.4,19.7,3.13,60.7,42.0,8.95,86.8,58.3,18.1,0.55,3.1,0.68,0.68,11.6,38,418,1.0,0.76,1.76,1.0,0.0,0.03,1.74,0.08,0.93,0.92,0.71,1.62,14.1,22.2,1.76,1.64,1.62,10.5,3.47,33.2,10.47,3.47,0.1,0.29,19.1,0.09,0.07,0.08,18.6,18.55,12.9,1.97,1.45,1.0,0.97,0.24,1.63,1.63,1.08,0.16,0.11,0.16,0.11,0.03,1.53,5.13,3.66,71.3,0.29,0.29,0.42,0.29,28.9,0.05,0.0,0.0,15.9,9.39,9.58,5.21,1.08,7.18,16.6,43.2,9.45,10.6,4.0,6.58,10.3,26.2,26.0,0.5,90,100,84.0,,3.11,20,4.37,1.16,1.0,1.53,-0.53,-0.53,0.93,1.73,-0.79,-0.79,39.0,497.6,63.2,186.7,215.3,102.0,14.3,497.6,17.7,10.5,59.3,7.21,40.7,260.9,1437.3,718.4,11.2,3.63,15.6,7.58,277.0,21.7,279.1,383.3,72.8,4987.1,1988.8,130.6,152.4,85.7,99.5,126.3,78.8,35.6,74.2,47.9,0.5,0.06,7.87,4.76,1.63,22.2
38.0,1.97,0.11,0.03,0.29,0.08,1.75,0.29,-0.14,-0.14,4.55,16.4,27.8,34.0,5.55,36.0,34.5,9.18,45.0,38.6,17.9,0.79,4.4,0.68,0.68,12.8,38,418,0.66,0.47,1.13,0.61,0.05,0.05,1.79,0.08,0.97,0.93,0.72,1.65,17.7,30.8,1.08,1.69,1.65,10.7,3.32,31.0,10.71,3.32,0.06,0.18,18.0,0.09,-0.32,-0.33,18.9,18.87,13.7,1.47,1.24,1.24,0.92,0.26,1.13,1.13,0.89,0.05,0.05,0.05,0.03,0.05,1.97,5.53,3.55,66.2,0.13,0.16,0.71,0.13,13.2,0.18,0.08,0.0,16.5,9.97,9.45,5.53,1.55,7.03,18.4,38.1,11.4,11.9,4.5,7.42,10.4,27.0,25.2,0.53,90,100,85.0,,3.32,17,4.13,0.55,0.68,1.97,-1.29,-1.29,0.97,1.75,-0.78,-0.78,49.3,616.0,82.2,238.4,259.7,123.7,17.4,616.0,18.6,11.2,60.5,7.32,39.4,370.8,1969.6,1014.3,12.5,4.66,15.6,10.7,390.4,30.5,393.8,496.6,79.3,6399.4,2270.6,203.1,228.0,89.1,139.5,163.1,85.6,35.2,70.9,49.6,0.62,-0.25,8.0,5.53,0.84,30.8
38.0,1.03,0.03,0.0,0.05,0.0,1.15,0.32,0.12,0.12,7.11,22.9,31.0,21.5,2.89,74.4,51.9,7.16,97.4,69.1,15.1,0.53,3.5,0.61,0.61,12.3,38,418,0.95,0.66,1.61,0.92,0.03,0.03,1.66,0.05,1.13,1.11,0.89,2.01,13.0,35.6,1.58,2.03,2.01,9.26,2.87,31.0,9.26,2.87,0.1,0.32,15.2,0.12,-0.18,-0.19,16.6,16.58,12.0,1.63,1.16,1.0,0.61,0.16,1.66,1.66,1.24,0.08,0.16,0.16,0.03,0.0,1.03,3.66,2.61,72.7,0.37,0.32,0.32,0.34,34.2,0.08,0.03,0.03,16.1,9.92,8.0,6.03,2.05,6.87,17.0,40.4,10.1,8.84,2.79,6.05,11.1,27.1,24.5,0.42,90,100,84.0,,2.89,22,4.5,1.42,1.03,1.03,0.0,0.0,1.13,1.34,-0.21,-0.21,43.1,552.6,57.4,162.9,234.7,159.7,19.3,552.6,14.1,9.11,64.7,4.92,35.0,250.2,1271.1,625.6,9.87,3.05,13.7,7.68,316.2,35.1,319.1,443.6,71.9,5850.9,2207.6,150.4,176.0,85.4,117.9,148.9,79.2,41.6,89.6,46.4,0.78,-0.24,7.08,7.42,2.55,35.6
38.0,1.58,0.08,0.03,0.13,0.03,1.44,0.31,-0.11,-0.11,6.03,18.6,32.4,21.7,2.71,59.8,41.8,6.71,83.5,56.2,15.2,0.76,5.0,1.03,1.03,13.7,38,418,1.34,0.84,2.18,1.29,0.05,0.13,1.45,0.11,1.48,1.37,0.96,2.33,16.5,35.1,2.13,2.43,2.33,13.0,4.5,34.6,13.0,4.5,0.1,0.29,17.8,0.11,-0.13,-0.08,22.2,22.18,14.7,1.95,1.84,1.39,1.58,0.68,2.03,2.03,1.08,0.08,0.39,0.21,0.18,0.08,1.58,4.42,2.84,66.1,0.39,0.18,0.42,0.24,23.7,0.11,0.03,0.0,18.6,10.9,8.55,7.55,2.47,8.53,20.9,40.9,12.3,12.8,3.26,9.58,11.2,29.8,22.8,0.55,90,100,85.0,,2.92,18,4.5,1.37,1.34,1.58,-0.24,-0.24,1.48,1.39,0.09,0.09,48.9,584.2,55.9,163.1,283.0,144.7,21.3,584.1,17.9,11.1,62.2,6.76,37.8,278.4,1541.9,784.1,12.1,4.79,17.2,9.53,325.3,34.4,328.6,459.7,71.5,5758.1,2196.5,154.4,185.1,83.4,132.3,170.5,77.6,32.6,76.9,42.5,0.76,-0.12,8.95,7.42,1.84,35.1
38.0,1.24,0.13,0.03,0.11,0.05,1.39,0.26,0.21,0.21,4.39,12.7,34.5,21.0,4.21,39.7,34.3,7.68,57.2,41.7,15.1,0.61,4.0,0.63,0.63,13.7,38,418,1.47,1.03,2.5,1.39,0.08,0.11,2.21,0.08,1.26,1.18,0.86,2.03,20.2,37.1,2.42,2.12,2.03,11.6,4.05,35.0,11.58,4.05,0.12,0.34,18.4,0.1,0.21,0.22,20.5,20.5,15.5,1.13,1.42,0.97,1.0,0.47,2.47,2.47,1.63,0.08,0.34,0.26,0.11,0.05,1.24,4.76,3.53,76.8,0.42,0.29,0.29,0.21,21.1,0.18,0.05,0.0,17.5,10.9,8.71,7.39,1.39,6.66,17.9,37.2,11.3,11.6,3.89,7.71,10.0,27.5,23.5,0.63,90,100,85.0,,2.97,18,4.5,1.55,1.61,1.24,0.37,0.37,1.26,1.43,-0.17,-0.17,52.0,650.8,67.6,200.1,311.2,146.0,18.7,650.7,19.7,11.8,60.1,7.82,39.8,407.6,2010.4,1036.5,15.1,4.79,15.2,11.5,421.0,36.8,423.7,534.1,79.3,7067.3,2385.1,206.8,233.6,88.5,165.9,196.4,84.5,35.5,69.9,50.8,0.74,0.17,8.92,7.45,1.24,37.1
38.0,1.68,0.21,0.08,0.18,0.08,1.65,0.31,0.04,0.04,7.95,24.3,32.7,24.0,3.11,71.7,46.9,7.76,91.2,62.2,15.3,0.79,5.2,1.45,1.45,15.9,38,418,0.92,0.55,1.47,0.74,0.18,0.21,2.11,0.08,1.29,1.12,0.83,1.95,15.2,30.7,1.29,2.11,1.95,10.9,2.95,26.9,10.95,2.95,0.07,0.25,17.3,0.1,-0.37,-0.38,19.1,19.08,13.1,1.82,1.18,1.11,1.47,0.39,1.53,1.53,0.89,0.16,0.08,0.11,0.21,0.08,1.68,4.68,3.05,68.5,0.21,0.26,0.53,0.24,23.7,0.24,0.03,0.0,17.3,9.71,9.13,6.55,1.61,7.03,18.8,37.4,11.7,10.4,3.55,6.87,11.2,28.4,22.9,0.11,90,100,84.0,,2.97,20,4.5,0.89,0.95,1.68,-0.74,-0.74,1.29,1.53,-0.24,-0.24,42.9,528.4,56.2,164.5,234.5,135.5,21.2,528.2,15.2,8.45,55.7,6.68,44.1,274.4,1432.8,724.4,11.7,4.26,14.4,9.16,292.8,30.3,295.5,415.1,71.2,5072.7,2072.7,146.8,174.7,84.0,102.7,133.6,76.9,32.7,75.5,43.4,0.73,-0.27,7.97,6.66,1.82,30.7
38.0,1.63,0.13,0.05,0.16,0.08,1.59,0.3,0.04,0.04,7.58,19.6,38.8,20.3,3.74,62.7,44.1,7.66,88.7,58.9,15.8,0.32,2.0,0.58,0.58,12.2,38,418,1.29,0.95,2.24,1.18,0.11,0.11,1.68,0.03,1.28,1.19,0.97,2.16,17.5,36.2,2.13,2.24,2.16,10.9,4.11,37.8,10.87,4.11,0.11,0.29,16.4,0.11,0.01,-0.01,19.3,19.34,13.5,2.05,1.11,1.11,1.24,0.32,2.34,2.34,1.63,0.18,0.13,0.18,0.21,0.0,1.63,4.92,3.34,69.5,0.26,0.24,0.5,0.18,18.4,0.16,0.03,0.0,18.3,11.0,9.84,6.92,1.55,7.89,19.6,40.3,11.7,10.1,3.08,7.0,11.1,29.4,20.8,0.42,90,100,85.0,,2.82,21,4.66,1.03,1.29,1.63,-0.34,-0.34,1.28,1.68,-0.4,-0.4,44.1,552.4,56.8,164.7,254.8,138.6,19.6,552.3,17.4,10.4,59.9,6.95,39.8,293.5,1641.0,792.9,12.8,4.42,13.1,8.47,324.9,36.1,327.7,443.7,73.8,5833.2,2353.1,159.2,187.5,84.9,119.4,149.5,79.9,39.9,78.9,50.6,0.88,-0.02,8.63,6.42,2.11,36.2
38.0,1.05,0.03,0.03,0.16,0.03,0.93,0.26,-0.09,-0.09,6.58,13.9,47.3,15.2,3.34,53.1,39.0,7.45,78.1,48.7,13.9,0.53,3.8,0.29,0.29,11.7,38,418,1.29,0.89,2.18,1.18,0.11,0.11,1.61,0.05,1.42,1.34,0.99,2.33,22.6,35.2,2.08,2.41,2.33,12.0,3.74,31.1,12.03,3.74,0.1,0.32,17.4,0.11,-0.13,-0.16,21.1,21.08,14.2,1.84,2.08,1.24,1.21,0.47,2.18,2.18,1.39,0.16,0.24,0.21,0.18,0.0,1.05,3.39,2.32,69.8,0.39,0.37,0.24,0.34,34.2,0.08,0.05,0.0,17.0,9.66,9.42,5.97,1.61,7.39,18.0,41.0,10.6,9.95,2.87,7.08,11.5,28.5,18.5,0.61,90,100,86.0,,2.55,19,4.92,1.55,1.34,1.05,0.29,0.29,1.42,1.0,0.42,0.42,48.3,596.3,52.3,183.4,284.1,134.3,20.5,596.2,21.5,13.4,62.3,8.11,37.7,303.8,1758.2,957.7,14.7,6.03,14.2,8.89,373.1,34.7,376.3,486.2,77.4,7016.5,2553.3,157.3,182.7,86.1,152.0,182.3,83.4,52.2,87.1,60.0,0.79,-0.09,8.92,5.87,2.18,35.2
38.0,1.34,0.18,0.03,0.08,0.03,1.41,0.26,0.09,0.09,4.18,12.6,33.3,28.8,5.97,29.2,31.5,7.37,56.8,45.5,12.9,0.42,3.3,1.26,1.26,14.9,38,418,1.82,1.37,3.18,1.71,0.11,0.13,1.92,0.05,1.58,1.47,1.23,2.7,22.8,49.3,3.08,2.81,2.7,12.2,4.18,34.4,12.16,4.18,0.14,0.41,16.7,0.12,0.23,0.24,21.9,21.87,17.2,1.53,1.32,0.89,0.58,0.32,3.05,3.05,2.39,0.16,0.13,0.16,0.18,0.03,1.34,4.79,3.47,75.8,0.55,0.18,0.26,0.21,21.1,0.18,0.0,0.0,16.0,9.63,7.74,6.21,2.08,6.0,14.1,42.6,8.08,11.2,3.11,8.05,10.8,26.9,21.0,0.74,90,100,83.0,,2.97,26,4.03,1.84,1.92,1.34,0.58,0.58,1.58,1.43,0.16,0.15,58.1,701.8,64.7,210.4,325.8,170.8,25.9,701.7,14.1,8.0,56.7,6.11,43.3,391.8,2180.4,1169.8,15.6,5.34,14.8,10.8,481.7,49.2,484.9,593.4,81.7,8247.4,2764.3,225.6,253.1,89.1,194.3,222.4,87.4,45.2,75.8,59.5,1.16,0.14,9.55,11.0,1.66,49.3
38.0,1.84,0.13,0.05,0.16,0.08,1.45,0.3,-0.31,-0.31,5.03,13.5,37.3,19.6,5.34,40.9,35.8,8.37,65.4,48.7,15.7,0.74,4.7,0.79,0.79,12.9,38,418,1.45,1.13,2.58,1.26,0.18,0.24,1.58,0.03,1.4,1.22,1.02,2.24,19.4,37.8,2.39,2.42,2.24,11.5,4.03,35.0,11.5,4.03,0.11,0.31,17.4,0.11,0.04,0.05,20.7,20.74,14.7,2.18,1.21,1.03,1.24,0.39,2.61,2.61,1.68,0.24,0.21,0.16,0.24,0.08,1.84,4.55,2.79,62.4,0.34,0.16,0.5,0.26,26.3,0.13,0.0,0.0,13.8,7.87,7.5,4.87,1.45,5.68,13.0,43.7,7.32,10.7,4.0,6.66,9.76,23.6,28.9,0.55,90,100,86.0,,2.74,17,4.26,1.18,1.47,1.84,-0.37,-0.37,1.4,1.51,-0.1,-0.1,46.9,581.0,64.1,199.0,250.2,138.3,22.3,580.8,15.2,7.66,50.3,7.55,49.7,347.6,1822.6,961.5,14.0,4.53,14.9,9.37,352.8,37.4,355.4,464.5,76.5,6084.3,2396.7,174.8,204.0,85.7,139.1,169.4,82.1,33.2,65.5,50.7,0.89,0.11,8.68,8.68,2.0,37.8
38.0,1.58,0.26,0.03,0.13,0.0,1.47,0.28,-0.11,-0.11,8.63,21.6,39.9,20.4,2.87,62.8,43.2,9.42,93.6,59.4,14.8,0.53,3.6,0.34,0.34,11.9,38,418,0.92,0.63,1.55,0.79,0.13,0.16,1.61,0.11,0.93,0.81,0.64,1.45,12.5,30.3,1.42,1.57,1.45,9.58,2.61,27.2,9.58,2.61,0.08,0.3,17.9,0.09,-0.01,-0.02,17.0,17.03,11.2,2.29,1.05,0.92,1.18,0.34,1.45,1.45,0.76,0.24,0.03,0.18,0.21,0.03,1.58,4.47,2.89,70.6,0.24,0.24,0.53,0.18,18.4,0.26,0.0,0.0,17.9,10.3,9.55,6.26,2.05,6.95,15.3,45.4,8.37,10.9,4.47,6.45,12.2,30.1,26.3,0.45,90,100,84.0,,2.61,22,4.39,0.95,0.92,1.58,-0.66,-0.66,0.93,1.56,-0.63,-0.63,42.4,533.0,64.8,185.0,238.3,114.9,15.3,532.9,13.6,7.08,52.1,6.5,47.9,266.4,1424.3,698.3,9.84,2.58,15.5,8.84,299.8,29.9,302.4,416.4,72.6,5726.4,2264.9,134.7,160.1,84.2,116.1,146.0,79.5,43.1,84.3,51.2,0.61,-0.01,7.39,5.87,2.13,30.3
38.0,1.79,0.05,0.05,0.21,0.11,1.53,0.28,-0.16,-0.16,10.0,25.2,39.8,22.3,2.5,74.6,48.7,9.29,91.8,63.0,16.9,0.37,2.2,1.13,1.13,15.1,38,418,1.13,0.84,1.97,1.08,0.05,0.05,1.97,0.03,1.17,1.13,0.82,1.95,11.1,27.2,1.92,1.99,1.95,9.42,2.95,31.3,9.42,2.95,0.11,0.37,15.8,0.12,-0.04,-0.05,16.4,16.42,11.0,2.13,0.37,1.45,1.37,0.13,1.82,1.82,1.18,0.21,0.0,0.34,0.08,0.0,1.79,5.24,3.53,66.8,0.29,0.18,0.53,0.21,21.1,0.08,0.03,0.0,15.4,8.18,7.37,6.47,1.53,6.24,14.2,44.0,7.95,13.6,5.84,7.74,9.66,25.0,30.4,0.5,90,100,86.0,,2.26,18,4.74,1.05,1.18,1.79,-0.61,-0.61,1.17,1.63,-0.47,-0.47,41.2,505.0,66.9,160.6,233.6,115.7,16.7,504.9,9.74,5.45,55.9,4.29,44.1,208.8,1131.9,562.4,8.84,1.89,13.8,8.26,264.0,26.8,266.7,389.3,68.5,5107.3,2237.2,119.4,145.3,82.2,95.9,126.1,76.1,42.0,91.1,46.1,0.73,0.02,6.68,6.29,2.16,27.2
38.0,1.82,0.11,0.03,0.32,0.0,1.79,0.3,-0.02,-0.02,8.87,28.3,31.3,23.1,1.34,86.6,50.9,8.39,99.4,65.6,14.1,0.39,2.8,1.21,1.21,15.4,38,418,0.87,0.53,1.39,0.79,0.08,0.11,1.74,0.03,1.12,1.03,0.73,1.76,11.4,24.2,1.32,1.84,1.76,10.9,2.97,27.4,10.87,2.97,0.07,0.27,17.7,0.1,-0.25,-0.24,18.2,18.24,12.0,2.53,0.84,1.5,1.24,0.11,1.32,1.32,0.84,0.11,0.08,0.24,0.05,0.0,1.82,5.45,3.55,68.6,0.26,0.11,0.63,0.26,26.3,0.18,0.08,0.0,17.2,9.87,9.39,6.16,1.68,6.34,16.0,39.7,9.63,12.9,3.87,9.03,13.9,31.2,27.2,0.47,90,100,85.0,,2.87,18,4.13,0.89,0.89,1.82,-0.92,-0.92,1.12,1.62,-0.5,-0.5,35.4,427.9,58.6,143.5,172.2,117.6,18.8,427.8,12.5,6.84,54.7,5.63,45.1,163.7,1037.0,508.9,8.16,3.55,13.7,8.74,186.3,23.7,188.7,308.3,61.2,3644.7,1761.6,82.7,107.8,76.7,66.8,95.3,70.1,30.5,78.6,38.8,0.67,-0.2,7.74,4.61,1.5,24.2
38.0,1.03,0.03,0.0,0.16,0.0,0.97,0.28,-0.06,-0.06,3.24,6.58,49.2,25.0,4.34,15.9,26.1,7.16,36.4,37.1,10.4,0.42,4.1,0.92,0.92,17.6,38,418,1.61,1.37,2.97,1.47,0.13,0.13,1.29,0.0,1.54,1.44,1.18,2.62,27.8,56.7,2.84,2.72,2.62,15.8,5.05,31.9,15.84,5.05,0.09,0.29,17.8,0.09,0.06,0.04,29.8,29.76,23.5,1.53,1.61,1.18,1.42,0.55,3.0,3.0,2.16,0.13,0.34,0.18,0.16,0.03,1.03,3.26,2.21,69.4,0.55,0.24,0.21,0.42,42.1,0.05,0.03,0.0,16.3,9.61,7.37,6.45,2.45,6.34,14.2,44.5,7.89,9.39,1.92,7.47,9.29,25.6,17.0,0.42,90,100,85.0,,2.97,20,4.03,1.89,1.66,1.03,0.63,0.63,1.54,0.96,0.58,0.58,62.9,809.8,55.4,200.3,379.8,236.0,27.1,809.7,18.5,11.8,63.9,6.66,36.0,483.9,2721.2,1534.4,23.6,6.61,13.5,12.1,600.5,56.2,604.2,704.6,85.8,9404.1,3067.6,322.9,352.1,91.7,209.4,236.6,88.5,44.7,67.4,66.4,1.21,0.19,12.7,10.9,1.71,56.7
38.0,1.39,0.11,0.03,0.18,0.03,1.23,0.26,-0.14,-0.14,6.45,20.2,31.9,20.9,4.18,58.6,42.8,9.13,87.6,60.4,16.7,0.71,4.3,0.66,0.66,12.7,38,418,1.26,0.87,2.13,1.0,0.26,0.29,1.53,0.05,1.25,1.03,0.78,1.81,20.3,38.4,1.87,2.03,1.81,12.7,3.55,28.0,12.68,3.55,0.08,0.28,18.4,0.08,0.01,-0.03,22.6,22.63,15.9,1.89,1.45,1.66,1.32,0.37,2.26,2.26,1.34,0.16,0.18,0.21,0.34,0.03,1.39,4.29,2.89,69.9,0.37,0.18,0.45,0.32,31.6,0.13,0.03,0.0,19.3,11.7,10.5,7.11,1.71,7.39,15.5,47.6,8.13,11.6,3.71,7.89,11.7,31.0,26.6,0.45,90,100,87.0,,2.42,14,4.58,1.29,1.34,1.39,-0.05,-0.05,1.25,1.32,-0.07,-0.07,45.2,570.5,61.1,186.3,256.4,134.5,23.4,570.2,17.6,9.92,56.5,7.63,43.5,277.7,1649.3,861.5,13.1,5.97,15.2,12.4,331.6,38.1,334.1,443.9,75.3,5850.1,2368.2,161.3,186.1,86.7,126.4,154.4,81.9,36.1,75.3,47.9,0.71,0.09,9.42,7.24,1.66,38.4
38.0,1.21,0.05,0.05,0.24,0.05,1.19,0.3,0.03,0.03,6.66,19.1,34.9,25.8,4.0,54.0,42.3,7.66,67.0,53.7,11.3,0.37,3.2,1.05,1.05,17.3,38,418,1.39,0.89,2.29,1.34,0.05,0.13,1.47,0.11,1.31,1.2,0.89,2.09,18.3,41.6,2.24,2.19,2.09,13.0,4.29,33.1,12.97,4.29,0.1,0.31,16.9,0.1,0.09,0.14,22.2,22.24,15.1,2.32,1.5,1.61,1.47,0.26,2.45,2.45,1.71,0.13,0.21,0.32,0.08,0.0,1.21,3.58,2.34,67.6,0.39,0.24,0.37,0.37,36.8,0.13,0.08,0.0,18.4,11.6,8.58,7.63,2.18,5.79,13.4,43.1,7.66,10.9,2.24,8.66,11.9,30.3,23.1,0.55,90,100,85.0,,2.92,16,4.08,1.42,1.42,1.21,0.21,0.21,1.31,1.2,0.11,0.1,51.5,605.7,57.2,181.2,275.9,154.6,22.5,605.6,15.4,8.63,55.9,6.79,44.0,333.8,1743.6,895.5,13.7,4.37,18.2,12.3,362.2,41.2,365.2,486.2,75.1,6392.3,2444.6,169.1,199.1,84.9,137.0,169.2,81.0,41.8,80.1,52.2,0.8,0.01,9.29,7.84,2.47,41.6
38.0,2.13,0.13,0.03,0.26,0.05,1.91,0.3,-0.17,-0.17,8.74,20.4,42.7,21.9,3.61,57.7,40.5,9.37,83.1,54.8,16.6,0.24,1.4,1.11,1.11,14.5,38,418,0.87,0.63,1.5,0.82,0.05,0.08,1.84,0.05,1.09,1.03,0.79,1.82,16.5,39.1,1.45,1.88,1.82,11.9,3.68,31.0,11.87,3.68,0.07,0.22,19.0,0.09,-0.22,-0.21,21.4,21.42,15.8,1.92,1.24,1.47,0.74,0.24,1.55,1.55,1.11,0.08,0.16,0.13,0.08,0.0,2.13,5.95,3.84,66.4,0.18,0.13,0.68,0.13,13.2,0.18,0.03,0.03,15.7,9.53,8.16,6.08,1.45,5.89,13.8,42.7,7.89,11.2,3.79,7.39,11.4,27.1,27.1,0.74,90,100,84.0,,2.84,22,4.16,0.68,0.89,2.13,-1.24,-1.24,1.09,1.79,-0.71,-0.71,48.8,625.2,68.1,191.8,313.7,124.8,15.6,625.1,14.9,9.26,62.2,5.63,37.8,279.1,1625.9,809.1,12.1,3.08,15.6,12.8,394.5,38.7,397.3,508.0,78.2,6990.8,2687.5,185.8,209.4,88.7,159.3,189.6,84.0,40.5,79.3,51.0,0.69,-0.16,9.21,6.13,1.82,39.1
38.0,2.0,0.18,0.08,0.18,0.03,1.61,0.29,-0.37,-0.37,8.92,21.4,41.6,27.9,2.87,55.9,42.0,7.39,78.6,56.0,11.2,0.79,7.0,0.89,0.89,13.3,38,418,0.55,0.34,0.89,0.53,0.03,0.03,1.47,0.11,0.76,0.74,0.52,1.26,15.8,32.8,0.87,1.28,1.26,10.5,3.05,29.0,10.53,3.05,0.05,0.17,19.1,0.07,-0.21,-0.21,18.0,17.97,12.8,1.95,0.71,1.13,0.97,0.39,0.87,0.87,0.61,0.11,0.0,0.08,0.08,0.0,2.0,4.89,2.89,62.9,0.08,0.18,0.74,0.13,13.2,0.21,0.03,0.0,18.6,11.2,8.5,8.29,1.84,6.92,16.4,42.1,9.53,13.1,3.42,9.63,14.0,32.6,17.9,0.39,90,100,84.0,,2.82,22,4.18,0.42,0.58,2.0,-1.42,-1.42,0.76,1.6,-0.85,-0.85,47.2,578.3,54.7,181.0,263.8,139.6,15.8,578.3,11.7,6.05,51.9,5.61,48.1,286.5,1473.8,704.9,13.1,2.84,14.9,10.5,340.5,32.4,343.3,467.8,73.4,6245.9,2471.1,159.1,189.5,84.0,125.4,158.7,79.0,47.2,89.4,52.7,0.46,-0.18,7.45,5.47,2.45,32.8
38.0,1.26,0.13,0.0,0.11,0.0,1.05,0.26,-0.21,-0.21,7.42,16.8,44.1,24.6,3.34,44.3,37.7,8.16,72.6,52.3,14.1,0.32,2.2,0.66,0.66,12.5,38,418,1.26,0.89,2.16,1.13,0.13,0.18,1.58,0.13,1.38,1.24,0.99,2.23,19.8,40.4,2.03,2.37,2.23,13.4,4.55,34.1,13.37,4.55,0.08,0.25,18.6,0.1,-0.12,-0.11,23.6,23.63,16.4,2.29,1.68,1.47,1.32,0.42,2.24,2.24,1.55,0.08,0.18,0.18,0.24,0.0,1.26,3.63,2.37,68.8,0.39,0.18,0.42,0.26,26.3,0.13,0.0,0.0,17.8,10.3,9.05,7.29,1.42,6.24,14.4,43.2,8.21,11.3,2.53,8.76,11.5,29.3,27.2,0.63,90,100,85.0,,2.92,18,4.08,1.37,1.34,1.26,0.08,0.08,1.38,1.15,0.23,0.23,50.9,622.6,59.0,186.4,289.4,153.3,21.2,622.4,17.5,10.3,59.0,7.16,41.0,361.8,1899.2,1009.0,15.1,5.18,15.3,9.39,383.0,40.3,385.3,501.8,76.8,6831.7,2501.4,179.1,207.4,86.3,145.1,178.6,81.2,46.1,82.1,56.2,0.83,-0.09,10.0,6.95,1.74,40.4
38.0,0.58,0.0,0.0,0.13,0.0,0.72,0.29,0.14,0.14,3.39,8.18,41.5,28.2,5.58,20.1,28.8,5.68,44.0,41.3,10.1,0.42,4.2,1.55,1.55,16.6,38,418,2.26,1.45,3.71,2.08,0.18,0.18,1.03,0.05,1.94,1.8,1.31,3.11,22.6,52.8,3.53,3.25,3.11,14.9,5.55,37.1,14.95,5.55,0.14,0.37,17.0,0.12,0.32,0.28,26.7,26.66,19.7,1.95,2.03,1.47,1.18,0.37,3.92,3.92,2.74,0.26,0.37,0.26,0.26,0.03,0.58,2.53,1.95,77.1,0.79,0.18,0.03,0.55,55.3,0.03,0.0,0.03,16.1,9.92,6.76,7.37,2.0,6.61,14.6,45.1,8.03,9.5,2.05,7.45,8.26,24.4,17.6,0.42,90,100,86.0,,2.87,15,4.13,2.55,2.34,0.58,1.76,1.76,1.94,0.76,1.18,1.18,61.8,777.1,51.0,181.6,403.9,197.4,29.6,776.9,16.3,9.37,57.5,6.92,42.5,508.2,2412.4,1285.7,20.1,5.82,15.9,11.2,553.4,52.3,556.5,672.9,82.7,9589.4,3120.9,253.5,283.1,89.5,232.0,264.3,87.8,52.2,86.4,60.4,1.38,0.14,11.1,13.0,1.97,52.8
38.0,0.61,0.11,0.03,0.13,0.0,0.61,0.25,0.01,0.01,2.58,6.29,41.0,24.2,4.95,17.1,26.8,4.97,43.4,42.9,7.42,0.5,6.7,1.08,1.08,16.9,38,418,2.39,1.87,4.26,2.32,0.08,0.11,1.16,0.03,2.22,2.14,1.72,3.86,34.9,63.9,4.18,3.94,3.86,17.9,6.63,37.1,17.87,6.63,0.13,0.35,16.9,0.12,0.18,0.18,32.0,32.0,24.4,1.87,2.42,1.87,1.16,0.29,4.42,4.42,3.66,0.16,0.24,0.13,0.21,0.03,0.61,2.13,1.53,76.5,0.84,0.05,0.11,0.53,52.6,0.11,0.0,0.0,13.6,8.61,5.63,5.66,2.34,5.08,12.3,41.3,7.21,8.39,1.66,6.74,9.53,23.2,15.0,0.39,90,100,86.0,,2.84,17,4.16,2.58,2.5,0.61,1.89,1.89,2.22,0.65,1.57,1.57,67.9,848.4,48.0,160.5,436.4,257.9,38.4,848.3,19.3,11.5,59.5,7.79,40.3,591.0,3131.3,1794.7,26.8,9.63,13.4,10.3,645.2,63.5,649.4,747.1,86.9,10395.8,2988.1,322.3,347.1,92.9,245.2,273.1,89.8,50.2,74.6,67.3,1.67,0.14,13.6,14.6,1.63,63.9
38.0,1.42,0.16,0.05,0.18,0.08,1.31,0.26,-0.03,-0.03,6.97,16.3,42.7,20.2,4.03,46.6,38.2,8.74,78.9,54.6,13.8,0.24,1.7,0.66,0.66,13.4,38,418,1.71,1.05,2.76,1.47,0.24,0.32,1.97,0.11,1.62,1.37,1.04,2.41,21.1,43.9,2.53,2.66,2.41,13.5,5.53,40.9,13.53,5.53,0.11,0.27,18.7,0.1,0.09,0.11,25.2,25.18,19.2,1.61,1.42,1.39,1.37,0.18,3.11,3.11,2.13,0.11,0.32,0.26,0.26,0.03,1.42,4.5,3.16,71.9,0.5,0.24,0.26,0.18,18.4,0.16,0.0,0.0,15.3,9.13,7.37,6.29,1.63,6.32,14.3,44.1,8.0,11.7,3.37,8.34,9.34,24.6,22.3,0.68,90,100,85.0,,2.95,20,4.05,1.74,1.71,1.42,0.29,0.29,1.62,1.33,0.28,0.29,54.7,660.4,59.5,177.6,330.3,157.7,23.5,660.1,14.6,8.45,58.0,6.08,41.8,346.8,1847.5,1029.4,15.6,5.66,13.9,11.2,440.6,43.7,443.0,551.1,80.4,7486.6,2677.1,210.2,235.4,89.3,164.4,193.0,85.2,44.8,77.9,57.5,1.01,0.01,10.0,8.92,1.53,43.9
38.0,1.26,0.16,0.05,0.24,0.03,1.11,0.27,-0.12,-0.12,6.58,18.6,35.3,22.4,3.68,51.1,38.9,8.5,84.8,57.9,17.1,1.13,6.6,0.87,0.87,12.0,38,418,1.08,0.87,1.95,1.05,0.03,0.08,1.5,0.05,1.03,0.97,0.72,1.69,12.3,25.9,1.92,1.75,1.69,11.7,3.58,30.7,11.66,3.58,0.09,0.29,18.8,0.09,0.05,0.09,20.6,20.63,15.0,2.03,0.87,1.13,1.11,0.47,1.79,1.79,1.21,0.13,0.11,0.26,0.05,0.03,1.26,3.68,2.45,70.0,0.32,0.24,0.45,0.29,28.9,0.16,0.0,0.0,18.7,11.4,9.37,7.66,1.68,6.34,14.9,42.7,8.53,12.4,3.55,8.87,13.3,32.0,31.7,0.42,90,100,86.0,,2.61,17,4.39,1.18,1.11,1.26,-0.16,-0.16,1.03,1.41,-0.38,-0.38,40.4,527.6,62.1,184.9,230.7,117.3,16.9,527.5,11.7,6.21,53.2,5.45,46.6,230.2,1224.8,620.9,10.8,2.5,15.5,10.5,281.7,25.7,283.5,400.8,70.7,5192.2,2091.4,126.6,151.9,83.4,98.9,128.0,77.3,41.7,86.0,48.5,0.62,0.15,8.53,6.71,2.61,25.9
38.0,1.71,0.05,0.0,0.16,0.08,1.42,0.3,-0.21,-0.21,5.61,18.8,29.8,18.7,2.71,65.6,44.5,7.55,86.8,58.8,14.4,0.53,3.7,0.76,0.76,12.4,38,418,1.16,0.71,1.87,1.05,0.11,0.13,1.92,0.08,1.23,1.14,0.77,1.91,15.9,35.1,1.76,2.0,1.91,12.6,4.08,32.4,12.61,4.08,0.08,0.26,18.9,0.1,-0.08,-0.09,21.6,21.55,14.9,1.92,1.29,1.63,1.24,0.61,2.03,2.03,1.42,0.08,0.08,0.16,0.18,0.11,1.71,4.61,2.95,64.0,0.24,0.32,0.45,0.18,18.4,0.08,0.03,0.0,18.4,11.3,8.82,7.45,2.11,7.29,17.0,42.9,9.71,14.0,4.03,10.0,14.4,32.8,29.7,0.47,90,100,85.0,,2.82,20,4.18,1.03,1.18,1.71,-0.53,-0.53,1.23,1.45,-0.22,-0.22,43.4,547.7,56.6,157.5,261.8,133.9,18.7,547.6,13.4,7.55,56.5,5.82,43.5,254.0,1432.3,725.1,11.7,4.08,14.2,10.0,298.8,34.6,301.7,419.2,72.0,5302.5,2082.8,147.8,173.9,84.9,113.6,145.7,78.0,32.7,75.6,43.2,0.73,-0.06,8.87,6.84,1.79,35.1
38.0,1.03,0.08,0.03,0.18,0.08,1.26,0.28,0.31,0.31,4.82,12.2,39.4,28.7,5.03,28.8,31.6,7.58,52.1,43.1,13.5,0.42,3.1,1.05,1.05,14.8,38,418,1.74,1.24,2.97,1.63,0.11,0.11,1.5,0.08,1.44,1.36,1.03,2.39,22.1,45.9,2.87,2.47,2.39,14.0,4.79,34.1,14.03,4.79,0.12,0.34,18.1,0.1,0.29,0.27,24.7,24.66,17.8,2.13,1.63,1.45,1.21,0.45,3.03,3.03,2.13,0.24,0.16,0.29,0.18,0.03,1.03,4.11,3.11,76.9,0.61,0.05,0.34,0.34,34.2,0.13,0.05,0.0,16.5,9.82,8.16,6.24,2.11,7.05,15.2,46.4,8.13,10.9,2.95,7.97,8.55,25.1,21.7,0.53,90,100,86.0,,2.79,15,4.21,1.87,1.76,1.03,0.74,0.74,1.44,1.24,0.21,0.2,59.0,718.7,65.4,202.9,353.7,168.5,23.3,718.6,17.7,9.74,55.1,7.95,44.9,451.8,2230.2,1158.4,18.0,5.39,15.9,9.18,491.2,45.4,494.9,606.7,81.6,8551.9,2823.6,229.8,256.4,89.6,202.5,234.3,86.4,47.6,81.1,58.7,0.95,0.21,10.3,9.58,2.37,45.9
38.0,1.55,0.11,0.05,0.16,0.08,1.46,0.3,-0.01,-0.01,8.95,24.8,36.1,24.8,2.58,69.9,45.9,8.11,91.9,63.2,15.1,0.82,5.4,1.89,1.89,16.9,38,418,1.34,1.03,2.37,1.32,0.03,0.03,2.08,0.11,1.27,1.25,0.92,2.17,15.5,34.1,2.34,2.19,2.17,11.5,3.89,33.9,11.47,3.89,0.11,0.34,17.3,0.11,0.07,0.07,19.1,19.05,13.8,1.47,1.21,1.11,1.21,0.29,2.18,2.18,1.26,0.21,0.39,0.16,0.11,0.05,1.55,4.74,3.24,69.4,0.37,0.21,0.42,0.18,18.4,0.13,0.03,0.0,17.3,10.3,9.21,6.39,1.66,6.76,16.4,41.3,9.61,10.6,3.16,7.47,11.3,28.5,26.9,0.47,90,100,85.0,,2.71,18,4.29,1.32,1.37,1.55,-0.18,-0.18,1.27,1.56,-0.29,-0.29,46.7,566.0,59.3,171.2,260.2,139.6,22.2,566.0,14.3,7.68,53.8,6.61,46.2,309.1,1478.4,746.5,11.4,5.03,15.4,11.0,327.4,33.5,330.3,446.7,73.9,5609.4,2297.7,164.2,191.5,85.7,113.7,143.4,79.3,36.1,76.4,47.2,0.75,0.11,8.16,7.66,1.45,34.1
38.0,1.45,0.11,0.0,0.26,0.03,1.65,0.31,0.23,0.23,8.05,21.7,37.1,24.1,4.08,59.0,43.0,8.13,91.9,61.3,14.6,0.76,5.2,0.42,0.42,12.1,38,418,1.34,0.87,2.21,1.21,0.13,0.13,1.55,0.03,1.25,1.15,0.9,2.05,19.2,38.9,2.08,2.15,2.05,11.5,3.92,34.2,11.47,3.92,0.11,0.31,17.2,0.1,0.09,0.06,20.3,20.32,14.3,2.03,1.13,1.42,0.95,0.45,2.32,2.32,1.58,0.13,0.18,0.26,0.13,0.03,1.45,5.21,3.76,74.2,0.39,0.18,0.42,0.18,18.4,0.13,0.03,0.0,19.0,10.3,10.1,7.34,1.55,7.76,18.3,42.3,10.6,12.8,3.74,9.11,12.0,31.1,24.4,0.42,90,100,84.0,,2.97,23,4.0,1.37,1.37,1.45,-0.08,-0.08,1.25,1.63,-0.38,-0.38,48.6,593.2,61.8,166.8,291.9,140.8,20.6,593.1,17.6,10.2,58.2,7.34,41.8,306.2,1778.9,917.0,14.3,4.97,14.5,10.3,362.2,38.7,364.4,474.7,76.8,6294.0,2381.2,175.1,201.6,86.9,127.2,155.9,81.6,43.2,78.8,54.8,0.81,-0.03,8.55,7.0,1.45,38.9
38.0,1.21,0.08,0.03,0.16,0.11,1.04,0.26,-0.07,-0.07,5.74,14.5,39.5,15.6,2.76,52.4,39.1,7.66,82.8,50.5,13.4,0.39,3.0,0.47,0.47,12.1,38,418,1.21,0.92,2.13,1.11,0.11,0.11,1.92,0.03,1.37,1.29,1.04,2.33,19.6,35.5,2.03,2.41,2.33,12.4,3.79,30.4,12.45,3.79,0.09,0.29,17.7,0.11,-0.16,-0.18,21.8,21.79,15.9,1.82,1.39,1.26,1.05,0.34,2.16,2.16,1.53,0.16,0.11,0.16,0.21,0.0,1.21,3.71,2.61,69.5,0.42,0.24,0.34,0.24,23.7,0.11,0.0,0.03,18.9,10.7,10.1,7.47,1.34,7.45,17.5,42.6,10.0,13.1,3.89,9.24,13.2,32.1,23.6,0.61,90,100,85.0,,2.89,17,4.11,1.5,1.24,1.21,0.03,0.03,1.37,1.11,0.27,0.26,46.8,596.9,55.1,177.4,292.2,133.2,18.6,596.8,15.7,8.71,55.5,6.95,44.3,295.4,1678.6,914.8,13.0,5.05,13.1,10.6,364.3,35.1,367.4,480.6,76.5,6725.3,2435.6,157.0,181.6,86.5,145.2,175.3,82.9,49.6,88.2,56.2,0.8,-0.12,9.16,6.37,1.92,35.5
38.0,1.34,0.13,0.0,0.16,0.0,1.27,0.29,-0.07,-0.07,4.32,12.1,35.7,24.3,6.58,32.9,33.7,6.66,61.7,47.3,13.4,1.03,7.7,1.55,1.55,14.3,38,418,1.92,1.61,3.53,1.82,0.11,0.13,,,1.8,1.69,1.4,3.09,24.1,58.5,3.42,3.2,3.1,15.5,5.87,37.9,15.5,5.87,0.12,0.31,17.9,0.11,0.12,0.12,28.4,28.39,21.8,1.39,1.84,1.71,1.39,0.21,3.45,3.45,2.5,0.21,0.18,0.32,0.18,0.05,1.34,3.87,2.47,68.7,0.5,0.16,0.34,0.34,34.2,0.16,0.03,0.0,16.4,11.2,8.21,5.97,2.21,5.74,15.3,37.5,9.55,9.79,2.71,7.08,11.2,27.6,23.1,0.87,90,100,,,2.66,0,4.34,1.66,1.95,1.34,0.61,0.61,1.8,1.26,0.54,0.54,61.4,767.0,57.9,197.2,356.8,218.6,29.1,766.9,14.4,10.1,70.0,4.32,30.0,490.3,2509.4,1324.9,21.2,5.63,14.2,10.8,545.9,58.2,549.4,663.0,82.9,9290.6,3192.9,257.9,288.3,89.4,228.5,261.2,87.5,46.0,76.6,60.1,1.45,0.2,11.7,12.6,1.29,58.5
38.0,1.61,0.05,0.05,0.18,0.03,1.44,0.31,-0.14,-0.14,5.87,17.0,34.5,21.9,5.66,45.7,38.9,8.63,81.4,55.5,16.1,0.92,5.7,0.47,0.47,10.2,38,418,1.18,0.95,2.13,1.11,0.08,0.08,,,1.02,0.96,0.77,1.72,18.5,40.2,2.05,1.79,1.72,12.2,4.03,33.1,12.16,4.03,0.09,0.27,18.3,0.08,0.16,0.15,21.3,21.29,15.3,2.05,1.39,1.11,1.03,0.39,2.18,2.18,1.39,0.21,0.13,0.21,0.18,0.05,1.61,4.47,2.87,65.3,0.29,0.29,0.42,0.16,15.8,0.08,0.03,0.0,13.4,8.53,7.16,4.92,1.32,5.21,13.8,37.7,8.61,11.9,4.21,7.71,9.66,23.1,29.7,0.66,90,100,,,2.87,0,4.13,1.16,1.18,1.61,-0.42,-0.42,1.02,1.56,-0.54,-0.54,48.1,585.3,63.7,200.9,249.3,141.2,20.5,585.2,16.8,9.03,53.8,7.66,45.6,294.7,1739.2,868.9,12.5,4.45,14.8,11.0,351.2,39.6,353.9,472.7,74.9,6615.6,2639.1,148.1,179.9,82.3,156.0,190.6,81.9,43.1,83.6,51.6,0.8,0.18,9.16,7.66,1.76,40.2
38.0,1.42,0.03,0.03,0.39,0.13,1.28,0.28,-0.01,-0.01,9.08,23.0,39.4,21.7,3.21,66.5,44.5,9.26,93.2,57.9,16.4,1.0,6.1,0.45,0.45,10.2,38,418,0.87,0.66,1.53,0.74,0.13,0.18,,,0.97,0.84,0.69,1.53,13.8,32.4,1.39,1.66,1.53,9.92,2.89,29.2,9.92,2.89,0.07,0.25,18.3,0.09,-0.11,-0.1,18.0,18.0,12.9,1.92,1.21,0.97,0.82,0.21,1.58,1.58,1.13,0.08,0.11,0.11,0.16,0.0,1.42,4.53,3.18,69.2,0.24,0.34,0.42,0.26,26.3,0.08,0.05,0.0,15.8,10.0,9.47,5.39,0.89,5.39,16.9,31.9,11.5,11.3,5.0,6.32,11.8,27.6,31.1,0.47,90,100,,,2.66,0,4.34,1.05,0.89,1.42,-0.53,-0.53,0.97,1.34,-0.36,-0.36,43.7,538.9,66.6,196.7,231.1,117.4,15.6,538.7,12.8,7.87,61.4,4.95,38.6,265.8,1513.1,767.9,9.87,2.97,13.1,7.79,309.2,32.0,311.5,430.8,72.3,5994.5,2343.0,128.9,154.8,83.3,121.1,151.7,79.8,49.3,95.0,51.9,0.59,-0.03,7.45,5.08,1.71,32.4
38.0,1.03,0.08,0.0,0.11,0.03,1.24,0.28,0.24,0.25,10.1,28.3,35.6,26.4,3.68,76.5,43.6,8.66,93.0,66.1,17.4,1.55,8.9,1.05,1.05,12.5,38,418,0.92,0.68,1.61,0.92,0.0,0.0,,,0.85,0.85,0.62,1.47,11.3,29.0,1.61,1.47,1.47,9.95,3.32,33.3,9.95,3.32,0.09,0.28,17.0,0.09,0.07,0.07,17.5,17.47,11.6,2.32,0.95,1.13,1.26,0.21,1.53,1.53,0.97,0.11,0.11,0.29,0.05,0.0,1.03,4.21,3.18,77.5,0.37,0.32,0.32,0.32,31.6,0.13,0.03,0.03,14.0,9.34,7.16,5.71,1.16,5.37,14.6,36.9,9.18,12.0,5.03,7.0,10.5,24.6,34.2,0.21,90,100,,,2.18,0,4.82,1.42,0.95,1.03,-0.08,-0.08,0.85,1.35,-0.5,-0.5,43.7,511.9,62.5,166.7,235.8,114.0,15.5,511.9,9.08,5.74,63.2,3.34,36.8,233.0,1200.9,585.8,8.66,2.32,12.9,9.08,274.2,28.7,276.9,403.7,68.6,5501.3,2362.8,114.4,139.6,82.0,109.7,142.6,76.9,44.6,97.9,45.6,0.62,0.06,7.32,5.61,2.34,29.0
38.0,1.0,0.05,0.0,0.05,0.05,0.92,0.29,-0.02,-0.02,4.45,12.3,36.1,27.2,5.95,32.0,33.4,6.92,52.1,45.7,12.6,0.71,5.6,0.76,0.76,13.8,38,418,1.58,1.11,2.68,1.5,0.08,0.08,,,1.43,1.37,1.09,2.46,27.5,52.6,2.61,2.52,2.46,15.9,5.53,34.8,15.87,5.53,0.09,0.27,17.9,0.09,0.15,0.13,29.3,29.32,22.1,2.18,2.13,1.42,1.21,0.32,2.89,2.89,2.21,0.18,0.21,0.08,0.21,0.0,1.0,3.08,2.13,69.2,0.55,0.18,0.26,0.42,42.1,0.05,0.0,0.0,16.7,11.2,8.45,6.61,1.68,5.47,14.5,37.8,9.0,9.61,2.82,6.79,11.2,27.9,22.2,0.63,90,100,,,2.87,0,4.13,1.84,1.63,1.0,0.63,0.63,1.43,0.89,0.54,0.54,55.6,714.9,60.7,212.7,317.2,193.0,26.0,714.8,19.3,13.5,69.9,5.82,30.1,433.7,2473.4,1359.4,18.4,6.26,14.0,10.9,495.3,51.8,499.1,607.9,82.1,8664.2,2936.3,225.4,251.7,89.5,204.0,234.5,87.0,49.8,81.3,61.2,1.14,0.01,12.7,10.5,1.95,52.6
38.0,1.45,0.05,0.03,0.29,0.05,1.36,0.3,-0.04,-0.04,8.21,21.7,37.8,20.4,2.89,68.5,46.7,8.32,93.0,62.8,16.1,0.97,6.0,0.84,0.84,13.5,38,418,1.16,0.68,1.84,0.95,0.21,0.26,,,1.41,1.21,0.88,2.08,19.1,34.4,1.63,2.28,2.08,12.3,3.53,28.8,12.26,3.53,0.08,0.27,17.8,0.1,-0.25,-0.26,21.9,21.95,13.9,2.18,2.37,1.47,1.58,0.45,2.05,2.05,1.32,0.08,0.18,0.24,0.24,0.0,1.45,4.47,3.08,68.8,0.29,0.29,0.42,0.24,23.7,0.05,0.0,0.0,18.1,11.8,10.3,6.24,1.47,6.84,17.5,39.0,10.7,12.3,3.08,9.18,14.5,32.6,29.2,0.58,90,100,,,1.92,0,5.03,1.16,1.18,1.45,-0.26,-0.26,1.41,1.27,0.14,0.14,45.2,546.8,57.7,174.0,240.0,139.3,21.3,546.5,18.9,12.6,66.7,6.29,33.3,301.6,1631.6,816.4,13.8,5.61,16.3,12.7,308.3,34.1,310.8,424.1,73.3,5494.1,2368.0,150.4,176.2,85.4,114.3,145.4,78.6,35.7,78.1,45.8,0.75,-0.19,8.71,7.18,1.53,34.4
38.0,1.53,0.08,0.0,0.16,0.0,1.48,0.3,-0.05,-0.05,8.47,24.9,34.1,25.9,4.26,64.0,43.4,8.95,92.6,67.2,15.6,0.71,4.6,1.34,1.34,14.9,38,418,1.11,0.68,1.79,0.97,0.13,0.21,,,1.07,0.9,0.65,1.55,12.6,30.6,1.66,1.71,1.55,9.24,2.89,31.3,9.24,2.89,0.11,0.34,17.6,0.1,0.04,0.08,16.6,16.55,11.9,1.55,0.82,0.82,1.11,0.32,1.87,1.87,1.08,0.11,0.21,0.24,0.13,0.11,1.53,4.68,3.13,69.1,0.34,0.26,0.39,0.26,26.3,0.13,0.03,0.03,16.9,11.8,9.47,5.42,2.05,5.87,16.1,36.4,10.2,11.2,4.21,7.0,13.5,30.5,34.4,0.58,90,100,,,3.0,0,4.0,1.29,1.16,1.53,-0.37,-0.37,1.07,1.38,-0.31,-0.31,45.5,552.5,63.9,186.5,242.2,128.9,16.0,552.3,12.1,6.95,57.3,5.18,42.7,267.8,1393.5,701.3,9.26,2.76,16.2,10.0,311.8,30.3,314.6,433.5,72.6,5824.6,2337.7,141.6,167.4,84.6,118.7,147.3,80.6,41.6,89.1,46.6,0.64,0.03,6.92,5.55,1.84,30.6
38.0,1.53,0.11,0.0,0.16,0.03,1.36,0.3,-0.14,-0.14,9.47,23.4,40.4,28.5,2.71,59.4,44.2,8.0,81.6,57.9,13.0,0.82,6.3,1.45,1.45,14.4,38,418,0.66,0.5,1.16,0.61,0.05,0.05,,,0.82,0.78,0.62,1.41,16.5,31.8,1.11,1.45,1.41,9.47,2.79,29.4,9.47,2.79,0.06,0.22,18.8,0.08,-0.17,-0.18,16.3,16.34,11.7,1.37,1.03,0.92,0.95,0.42,1.18,1.18,0.76,0.11,0.16,0.08,0.08,0.0,1.53,4.16,2.61,65.8,0.24,0.26,0.5,0.26,26.3,0.16,0.05,0.0,19.6,13.2,9.32,8.05,2.18,6.55,16.6,39.5,10.0,11.9,3.11,8.82,13.6,33.2,29.7,0.58,90,100,,,2.95,0,4.05,0.97,0.74,1.53,-0.79,-0.79,0.82,1.28,-0.45,-0.45,45.7,561.6,59.7,185.1,250.0,133.3,14.0,561.5,12.9,7.26,56.2,5.66,43.8,268.8,1596.1,773.2,13.0,3.34,14.4,10.9,313.0,31.3,316.7,442.7,71.5,5863.7,2334.2,139.0,167.3,83.1,126.0,161.2,78.1,40.8,86.1,47.4,0.52,-0.12,6.84,4.74,2.03,31.8
38.0,1.58,0.05,0.08,0.29,0.05,1.33,0.29,-0.2,-0.2,8.89,23.0,38.6,25.6,3.53,60.4,43.5,8.08,93.5,63.3,14.8,0.74,5.0,1.74,1.74,16.4,38,418,1.39,1.0,2.39,1.26,0.13,0.16,,,1.32,1.19,0.92,2.11,17.2,33.4,2.26,2.24,2.11,11.0,3.61,32.9,10.97,3.61,0.12,0.35,17.6,0.11,0.08,0.07,19.2,19.24,13.0,2.18,1.66,1.18,1.0,0.18,2.47,2.47,1.79,0.21,0.16,0.13,0.18,0.0,1.58,4.32,2.74,64.6,0.32,0.29,0.39,0.24,23.7,0.11,0.05,0.0,16.6,11.0,8.74,6.55,1.29,5.47,16.2,33.8,10.7,12.2,3.42,8.82,10.9,27.5,26.5,0.45,90,100,,,2.82,0,4.18,1.24,1.47,1.58,-0.11,-0.11,1.32,1.27,0.05,0.05,48.0,561.1,58.1,171.0,266.2,130.6,17.7,560.9,18.9,11.1,58.8,7.74,40.9,274.2,1693.2,853.7,12.4,3.97,13.6,9.42,321.5,32.9,325.2,450.6,72.2,5956.8,2343.3,145.6,174.5,83.4,119.6,153.4,77.9,45.3,90.3,50.1,0.82,0.08,7.82,5.92,1.89,33.4
38.0,1.0,0.11,0.0,0.13,0.0,0.96,0.3,-0.04,-0.04,3.42,11.4,29.9,26.9,5.47,33.2,32.3,5.37,46.6,42.8,10.3,0.66,6.4,1.76,1.76,17.4,38,418,2.16,1.53,3.68,2.11,0.05,0.08,,,1.92,1.86,1.39,3.24,25.8,58.8,3.63,3.31,3.24,16.7,5.95,35.6,16.71,5.95,0.13,0.35,17.7,0.11,0.24,0.25,30.0,29.97,22.6,1.87,2.58,1.53,0.95,0.45,3.79,3.79,2.58,0.13,0.71,0.21,0.13,0.03,1.0,2.74,1.68,67.3,0.55,0.32,0.13,0.45,44.7,0.16,0.05,0.0,16.8,11.8,6.97,7.5,2.29,5.16,13.7,37.6,8.55,10.2,1.87,8.34,9.97,26.7,20.7,0.32,90,100,,,2.92,0,4.08,1.97,2.21,1.0,1.21,1.21,1.92,0.89,1.03,1.03,60.3,756.8,48.5,184.0,388.1,191.9,28.0,756.7,17.2,11.6,67.5,5.53,32.2,432.1,2338.8,1276.2,18.2,6.18,15.1,11.8,532.5,58.4,536.0,655.3,81.8,9659.9,3303.2,219.0,246.3,88.9,251.2,287.8,87.3,52.6,91.5,57.4,1.26,0.14,12.8,12.2,1.76,58.8
38.0,0.71,0.0,0.03,0.03,0.05,0.67,0.28,0.01,0.01,3.0,6.29,47.7,26.2,4.82,15.0,26.2,4.47,52.9,45.7,7.53,0.55,7.3,2.37,2.37,18.6,38,418,2.71,2.24,4.95,2.55,0.16,0.21,,,2.07,1.91,1.52,3.44,34.4,67.6,4.79,3.59,3.44,17.3,6.68,38.7,17.26,6.68,0.15,0.38,17.8,0.11,0.64,0.64,31.8,31.82,24.8,1.92,2.0,1.37,1.37,0.34,5.08,5.08,3.95,0.21,0.42,0.18,0.26,0.05,0.71,2.24,1.53,68.2,0.84,0.11,0.05,0.47,47.4,0.05,0.05,0.0,14.8,10.0,6.76,5.66,2.39,5.13,14.8,34.8,9.63,8.63,1.39,7.24,9.11,23.9,16.3,0.5,90,100,,,2.79,0,4.16,2.63,2.79,0.71,2.08,2.08,2.07,0.63,1.44,1.44,71.0,884.9,46.5,183.4,452.8,255.8,33.0,884.7,19.3,13.2,68.7,6.0,31.1,573.3,3081.6,1758.0,25.6,8.71,14.6,10.7,684.8,67.1,688.5,788.4,87.3,11086.1,3349.4,345.3,372.8,92.6,270.0,299.4,90.2,47.6,71.6,66.5,1.6,0.71,13.1,13.8,1.16,67.6
38.0,0.74,0.03,0.03,0.13,0.05,1.04,0.28,0.35,0.35,6.26,16.5,38.0,21.5,4.0,48.5,39.6,7.82,77.8,55.8,13.2,0.45,3.4,0.55,0.55,12.7,38,418,1.76,1.39,3.16,1.74,0.03,0.08,,,1.47,1.4,1.07,2.47,24.2,41.2,3.13,2.53,2.47,13.4,4.47,33.4,13.39,4.47,0.13,0.39,18.4,0.11,0.3,0.33,24.1,24.11,18.4,1.42,1.82,1.18,1.0,0.29,3.08,3.08,2.13,0.16,0.32,0.32,0.13,0.03,0.74,3.76,3.08,81.1,0.66,0.16,0.18,0.5,50.0,0.03,0.0,0.0,14.8,9.71,7.24,5.74,1.87,4.55,14.6,31.2,10.1,10.1,2.95,7.11,12.7,27.5,24.4,0.53,90,100,,,2.92,0,4.08,2.13,1.79,0.74,1.05,1.05,1.47,1.07,0.39,0.4,54.7,681.8,58.2,183.8,316.6,187.0,23.6,681.7,19.4,12.3,63.3,7.11,36.7,373.7,2103.1,1151.6,18.3,5.71,13.5,10.5,464.2,40.7,467.5,575.4,81.2,7702.1,2684.8,222.7,246.9,90.2,168.1,195.4,86.0,46.1,82.4,55.9,1.11,0.33,9.92,9.39,1.92,41.2
38.0,1.24,0.11,0.0,0.08,0.08,1.28,0.3,0.13,0.13,7.71,21.1,36.6,23.2,3.03,58.8,42.2,8.92,83.8,56.4,15.8,1.03,6.5,0.84,0.84,12.7,38,418,1.0,0.76,1.76,1.0,0.0,0.03,,,1.09,1.08,0.84,1.92,14.4,30.1,1.76,1.94,1.92,11.8,3.84,32.4,11.84,3.84,0.08,0.26,19.2,0.09,-0.09,-0.08,20.6,20.55,14.8,1.89,1.18,1.16,1.03,0.53,1.66,1.66,1.13,0.18,0.05,0.26,0.03,0.0,1.24,3.89,2.68,70.9,0.32,0.21,0.47,0.24,23.7,0.16,0.05,0.0,17.0,11.2,8.89,6.71,1.37,5.82,16.8,34.6,11.0,12.5,3.08,9.42,11.6,28.6,32.1,0.45,90,100,,,2.95,0,4.05,1.16,1.03,1.24,-0.21,-0.21,1.09,1.38,-0.28,-0.28,41.7,531.1,59.9,181.6,236.2,119.2,15.8,531.0,14.1,8.0,56.8,6.05,43.0,261.8,1388.0,725.2,11.5,3.18,13.8,10.8,288.5,29.8,291.3,412.1,70.7,5256.3,2266.7,135.6,162.1,83.6,107.9,141.0,76.5,36.4,82.1,44.4,0.69,-0.08,8.45,5.79,1.97,30.1
38.0,1.47,0.03,0.03,0.16,0.0,1.22,0.28,-0.26,-0.25,5.26,18.0,29.3,17.5,3.11,61.6,43.7,8.0,90.1,59.3,15.0,0.76,5.1,0.63,0.63,12.1,38,418,0.95,0.61,1.55,0.87,0.08,0.08,,,1.05,0.99,0.78,1.76,18.3,42.3,1.47,1.83,1.76,11.8,3.58,30.4,11.76,3.58,0.07,0.24,18.1,0.09,-0.1,-0.12,21.0,21.03,15.5,1.87,1.42,1.11,0.84,0.26,1.71,1.71,1.05,0.13,0.24,0.16,0.13,0.0,1.47,4.34,2.84,66.7,0.18,0.39,0.42,0.21,21.1,0.05,0.03,0.0,17.3,11.9,9.0,6.58,1.74,6.42,15.9,40.3,9.5,12.0,3.37,8.61,12.2,29.5,27.2,0.66,90,100,,,2.97,0,4.03,0.95,0.97,1.47,-0.5,-0.5,1.05,1.19,-0.14,-0.14,51.3,609.7,54.1,166.4,301.6,148.5,18.4,609.6,14.0,9.97,71.4,3.97,28.4,351.5,1805.2,958.7,13.6,3.61,13.0,9.97,374.1,41.9,377.3,500.7,75.3,6535.4,2381.1,182.2,208.7,87.3,143.8,176.8,81.3,39.4,84.7,46.5,0.82,-0.17,9.03,7.58,2.03,42.3
38.0,1.79,0.13,0.0,0.24,0.05,1.75,0.29,0.01,0.01,10.6,27.1,39.1,26.4,3.08,70.3,43.0,9.5,89.8,62.2,17.1,0.68,4.0,1.13,1.13,14.0,38,418,0.89,0.74,1.63,0.89,0.0,0.08,,,0.96,0.9,0.72,1.62,12.6,30.3,1.63,1.68,1.62,10.0,3.21,32.1,10.0,3.21,0.09,0.28,18.1,0.09,-0.07,-0.0,17.6,17.61,12.2,1.82,1.08,1.16,1.08,0.29,1.63,1.63,1.03,0.21,0.11,0.18,0.08,0.03,1.79,5.68,3.95,70.8,0.18,0.32,0.5,0.16,15.8,0.13,0.0,0.0,17.8,11.5,9.74,6.63,1.47,6.0,15.8,38.0,9.79,11.2,3.74,7.42,12.1,30.0,33.3,0.53,90,100,,,2.42,0,4.58,0.87,0.92,1.79,-0.87,-0.87,0.96,1.64,-0.68,-0.69,41.4,498.3,66.1,168.0,224.8,112.3,15.7,498.2,13.3,8.55,64.1,4.79,35.9,247.6,1365.9,661.7,10.6,2.84,14.0,10.6,263.0,29.6,266.4,383.4,69.5,5111.7,2328.9,116.7,141.7,82.3,100.7,132.2,76.1,39.8,84.1,47.4,0.68,0.02,7.58,6.05,1.58,30.3
38.0,1.47,0.08,0.03,0.13,0.05,1.57,0.28,0.14,0.14,8.29,21.4,38.8,24.1,4.18,54.5,42.2,9.42,87.7,59.9,16.2,1.11,6.8,0.58,0.58,11.4,38,418,0.71,0.53,1.24,0.68,0.03,0.03,,,0.83,0.81,0.53,1.34,15.7,31.4,1.21,1.36,1.34,8.89,2.5,28.1,8.89,2.5,0.08,0.27,18.2,0.1,-0.12,-0.13,15.3,15.29,10.4,1.5,1.26,0.97,0.87,0.29,1.05,1.05,0.61,0.18,0.03,0.16,0.03,0.05,1.47,5.0,3.5,72.1,0.21,0.24,0.55,0.24,23.7,0.16,0.08,0.0,16.1,11.0,7.53,6.34,2.18,5.82,14.5,40.2,8.66,10.8,3.26,7.55,10.3,26.3,26.8,0.55,90,100,,,2.87,0,4.13,0.87,0.74,1.47,-0.74,-0.74,0.83,1.54,-0.71,-0.71,45.3,559.9,64.2,185.4,260.7,119.8,14.1,559.9,13.8,8.37,60.8,5.39,39.2,279.3,1631.8,834.7,11.9,2.92,13.2,11.6,344.9,30.9,348.0,458.9,75.8,6500.7,2465.1,152.7,175.3,87.1,139.2,171.4,81.2,46.3,88.8,52.2,0.52,-0.01,5.87,5.0,1.5,31.4
38.0,0.95,0.05,0.03,0.18,0.03,0.92,0.27,0.0,0.0,4.18,10.4,40.1,25.6,4.58,29.4,33.3,6.42,45.5,40.8,11.9,0.5,4.2,2.05,2.05,15.5,38,418,1.84,1.34,3.18,1.79,0.05,0.08,,,1.7,1.64,1.29,2.93,22.7,59.2,3.13,2.99,2.93,16.3,5.5,33.7,16.32,5.5,0.11,0.33,18.4,0.1,0.14,0.15,28.7,28.74,21.3,1.97,1.79,1.89,1.34,0.39,3.0,3.0,2.13,0.18,0.21,0.29,0.18,0.0,0.95,3.26,2.34,72.6,0.61,0.21,0.18,0.42,42.1,0.08,0.0,0.03,16.3,10.5,7.16,6.82,2.29,5.58,14.1,39.5,8.55,9.47,1.95,7.53,10.0,26.3,23.1,0.58,90,100,,,2.84,0,4.13,2.03,1.95,0.95,1.0,1.0,1.7,0.89,0.81,0.81,61.8,732.1,54.7,188.3,354.4,196.5,25.0,732.1,18.9,11.5,60.6,7.39,39.1,388.6,2125.2,1112.1,16.9,4.74,14.1,12.1,503.9,58.6,507.5,623.6,81.4,9574.2,3327.4,200.1,226.8,88.2,239.6,275.2,87.1,59.9,97.2,61.7,1.15,0.05,12.2,10.4,1.66,59.2
38.0,1.68,0.16,0.03,0.24,0.03,1.47,0.33,-0.19,-0.19,8.42,21.2,39.8,23.4,3.84,66.1,44.4,6.84,83.1,56.9,13.8,0.66,4.8,0.71,0.71,12.6,38,418,1.11,0.71,1.82,1.03,0.08,0.16,,,1.18,1.06,0.77,1.83,17.0,38.3,1.74,1.95,1.83,11.4,3.32,29.0,11.42,3.32,0.09,0.31,17.9,0.09,-0.08,-0.03,20.2,20.16,13.8,1.92,1.58,1.24,1.05,0.53,1.82,1.82,1.08,0.13,0.21,0.26,0.13,0.0,1.68,4.11,2.45,62.8,0.29,0.21,0.5,0.24,23.7,0.16,0.0,0.0,17.6,11.4,8.87,6.92,1.79,6.24,16.0,38.9,9.79,9.45,2.58,6.87,12.3,29.9,26.2,0.45,90,100,,,2.92,0,4.08,1.08,1.16,1.68,-0.53,-0.53,1.18,1.36,-0.18,-0.18,49.7,570.8,54.9,166.3,269.1,141.5,20.6,570.7,14.9,8.74,58.8,6.13,41.2,310.8,1537.6,778.8,12.6,4.26,14.4,10.8,332.5,37.6,335.7,460.9,72.8,5936.9,2449.4,162.4,192.9,84.2,121.6,156.5,77.7,40.2,81.3,49.4,0.77,-0.06,8.42,7.5,2.08,38.3
38.0,1.47,0.03,0.05,0.18,0.05,1.21,0.3,-0.21,-0.21,9.29,24.2,38.4,21.7,1.84,71.8,48.6,9.08,95.4,65.4,16.2,1.05,6.5,0.71,0.71,12.7,38,418,0.82,0.63,1.45,0.79,0.03,0.03,,,0.96,0.94,0.68,1.62,13.3,29.1,1.42,1.64,1.62,9.92,2.92,29.4,9.92,2.92,0.08,0.27,17.7,0.1,-0.14,-0.15,17.1,17.08,11.8,2.05,1.05,0.87,1.0,0.29,1.34,1.34,0.92,0.16,0.11,0.08,0.08,0.0,1.47,4.05,2.63,64.3,0.16,0.34,0.5,0.26,26.3,0.03,0.0,0.0,15.9,10.1,8.84,5.37,1.66,5.74,16.4,34.9,10.7,11.1,3.89,7.16,12.4,28.2,28.6,0.24,90,100,,,2.84,0,4.13,0.82,0.82,1.47,-0.66,-0.66,0.96,1.26,-0.3,-0.3,40.7,504.8,60.6,176.3,216.3,117.6,15.4,504.8,13.9,8.45,60.9,5.39,38.9,258.4,1426.9,704.0,10.3,2.34,14.0,11.7,273.3,28.8,276.2,394.8,69.9,5298.4,2351.2,123.5,147.3,83.9,102.6,134.2,76.5,41.8,89.7,46.7,0.71,-0.05,7.16,6.0,3.03,29.1
38.0,1.79,0.13,0.03,0.26,0.03,1.59,0.31,-0.17,-0.17,8.66,24.1,36.0,21.7,2.61,72.5,48.5,8.92,93.5,62.8,15.8,0.45,2.8,1.11,1.11,14.9,38,418,1.26,0.76,2.03,1.21,0.05,0.11,,,0.97,0.88,0.66,1.54,13.8,31.0,1.97,1.62,1.54,9.68,3.34,34.5,9.68,3.34,0.13,0.36,18.2,0.09,0.3,0.33,17.3,17.29,12.0,1.68,1.5,0.61,1.29,0.18,2.08,2.08,1.34,0.13,0.24,0.18,0.13,0.05,1.79,4.92,3.13,66.3,0.26,0.32,0.42,0.26,26.3,0.16,0.03,0.0,16.3,10.8,8.61,6.26,1.47,6.18,16.3,37.9,10.1,11.5,4.05,7.45,12.7,29.0,28.6,0.45,90,100,,,2.55,0,4.39,1.11,1.26,1.79,-0.53,-0.53,0.97,1.45,-0.48,-0.48,45.2,538.3,59.6,163.1,259.3,122.3,15.6,538.2,16.9,11.1,65.9,5.74,34.0,265.4,1599.9,735.8,11.5,2.79,13.2,10.2,306.7,30.6,310.0,426.2,72.7,5839.0,2309.9,134.6,159.0,84.6,123.1,153.9,80.0,43.0,89.7,47.9,0.6,0.11,7.32,6.13,2.05,31.0
